New York Snowfall, February 2017
"GHCN ID","Station Name",County,Elevation,Latitude,Longitude,"Feb 1","Feb 2","Feb 3","Feb 4","Feb 5","Feb 6","Feb 7","Feb 8","Feb 9","Feb 10","Feb 11","Feb 12","Feb 13","Feb 14","Feb 15","Feb 16","Feb 17","Feb 18","Feb 19","Feb 20","Feb 21","Feb 22","Feb 23","Feb 24","Feb 25","Feb 26","Feb 27","Feb 28"
USC00300023,"ADDISON","STEUBEN",999,42.10,-77.23,2.6,0.4,T,T,0.0,T,0.0,0.0,3.7,0.8,0.8,0.0,T,T,T,3.9,T,0.0,0.0,0.0,0.0,0.0,0.0,0.0,0.0,T,0.2,0.0
US1NYER0085,"AKRON 2.4 S","ERIE",824,42.99,-78.49,2.2,M,M,M,M,M,M,M,M,M,M,M,M,M,M,M,M,M,M,M,M,M,M,M,M,M,M,M
US1NYAB0023,"ALBANY 0.7 SW","ALBANY",256,42.66,-73.81,1.5,T,T,0.0,T,0.0,0.0,0.4,5.5,4.9,1.5,T,7.5,T,0.0,0.3,T,0.0,0.0,0.0,0.0,0.0,0.0,0.0,0.0,T,T,0.0
USW00014735,"ALBANY INTL AIRPORT","ALBANY",312,42.74,-73.81,1.3,T,0.0,T,T,T,0.3,0.0,11.2,1.0,0.8,7.6,T,T,T,T,T,0.0,0.0,0.0,0.0,0.0,0.0,0.0,0.0,T,0.0,0.0
USC00300063,"ALCOVE DAM","ALBANY",607,42.47,-73.93,2.5,M,M,M,M,M,M,M,5.0,4.5,1.6,M,7.0,M,M,M,M,M,M,M,M,M,M,M,M,M,M,M
USC00300085,"ALFRED","ALLEGANY",1706,42.25,-77.76,3.0,0.5,0.4,0.2,0.0,0.4,0.0,0.0,3.2,0.5,0.4,0.0,1.6,0.4,1.1,1.9,0.2,0.0,0.0,0.0,0.0,0.0,0.0,0.0,0.0,1.0,T,0.0
US1NYCT0011,"ALLEGANY 4.7 N","CATTARAUGUS",1667,42.16,-78.49,3.0,2.8,0.5,0.4,T,0.1,M,M,2.5,1.0,0.6,M,2.7,0.4,2.4,3.0,0.8,0.0,0.0,0.0,0.0,M,M,M,M,1.0,T,0.0
USC00300093,"ALLEGANY STATE PARK","CATTARAUGUS",1500,42.10,-78.75,2.0,1.0,T,0.0,0.0,0.0,0.0,0.0,2.0,2.0,T,0.0,2.0,T,2.0,6.0,T,0.0,0.0,0.0,0.0,0.0,0.0,0.0,0.0,T,0.0,0.0
US1NYAB0001,"ALTAMONT 2.7 SSW","ALBANY",1460,42.67,-74.05,1.6,T,0.2,0.2,T,T,0.0,0.4,9.0,3.4,1.5,0.0,6.9,T,T,0.3,T,0.0,0.0,0.0,0.0,0.0,0.0,0.0,0.0,0.5,T,0.0
US1NYER0098,"AMHERST 5.4 NNE","ERIE",580,43.05,-78.76,2.4,T,0.0,0.0,T,T,M,M,M,M,1.5,M,1.6,M,M,1.0,0.0,0.0,M,0.0,0.0,M,M,M,M,0.5,M,0.0
USC00300183,"ANGELICA","ALLEGANY",1475,42.31,-78.02,3.0,0.5,T,T,0.0,0.0,0.0,0.0,1.5,0.5,0.4,0.0,3.0,T,2.0,3.0,T,0.0,0.0,0.0,0.0,0.0,0.0,0.0,0.0,0.5,0.0,0.0
US1NYTG0003,"APALACHIN 3.0 ESE","TIOGA",910,42.05,-76.12,2.1,0.1,0.2,0.0,0.0,T,0.0,0.0,4.3,0.2,0.3,T,1.9,0.4,0.0,2.1,T,0.0,0.0,0.0,0.0,0.0,0.0,0.0,0.0,T,T,0.0
US1NYWC0015,"ARMONK 0.4 E","WESTCHESTER",424,41.13,-73.71,M,0.0,0.0,0.0,T,0.0,M,M,0.0,11.6,M,M,M,0.0,0.0,M,0.0,0.0,0.0,0.0,M,0.0,0.0,0.0,M,M,M,0.0
USC00300317,"ATTICA 7 SW","WYOMING",1365,42.81,-78.40,2.7,2.4,T,2.3,0.6,T,0.0,0.0,0.8,0.0,2.2,0.0,3.2,0.8,1.8,4.8,0.8,0.0,0.0,0.0,0.0,0.0,0.0,0.0,0.0,1.2,0.0,0.0
USC00300321,"AUBURN","CAYUGA",770,42.93,-76.54,1.8,0.7,0.0,0.0,0.0,0.0,0.0,0.0,1.3,7.3,2.1,0.0,4.4,2.4,0.0,1.6,1.3,0.0,0.0,0.0,0.0,0.0,0.0,0.0,0.0,0.0,0.0,0.0
US1NYCY0008,"AUBURN 8.3 SSE","CAYUGA",1050,42.83,-76.49,1.4,0.0,T,T,0.0,T,T,M,1.1,2.6,0.4,T,7.2,0.9,T,4.1,1.6,T,0.0,0.0,0.0,0.0,0.0,0.0,0.0,T,0.0,0.0
US1NYCY0026,"AURORA 2.4 N","CAYUGA",501,42.79,-76.70,0.4,0.7,T,0.0,0.0,T,T,0.0,0.9,0.0,0.4,T,2.7,1.1,0.0,1.6,0.1,0.0,0.0,0.0,0.0,0.0,0.0,0.0,0.0,T,0.0,0.0
USC00300331,"AURORA RESEARCH FARM","CAYUGA",830,42.73,-76.66,0.0,1.0,0.0,0.0,0.0,0.0,0.0,0.0,1.0,0.0,0.0,0.0,4.0,0.0,0.0,2.0,0.0,0.0,0.0,0.0,0.0,0.0,0.0,0.0,0.0,0.0,0.0,0.0
US1NYRN0001,"AVERILL PARK 0.9 WNW","RENSSELAER",633,42.64,-73.57,2.8,T,T,0.0,0.0,T,0.0,0.6,5.4,3.6,2.1,M,6.8,T,0.0,T,0.2,0.0,0.0,0.0,0.0,0.0,0.0,0.0,0.0,0.2,T,0.0
USC00300343,"AVON","LIVINGSTON",545,42.92,-77.76,2.0,1.0,0.0,0.0,0.0,0.0,0.0,T,T,0.0,0.6,0.0,5.0,0.0,0.0,T,0.0,0.0,0.0,0.0,0.0,0.0,0.0,0.0,0.0,T,T,0.0
US1NYLV0002,"AVON 0.5 NNE","LIVINGSTON",625,42.92,-77.74,M,M,M,M,0.0,0.0,M,M,M,0.0,M,M,M,M,M,M,0.0,0.0,0.0,0.0,0.0,0.0,0.0,M,M,0.0,M,0.0
US1NYCN0018,"BAINBRIDGE 6.5 SSE","CHENANGO",1805,42.21,-75.42,4.5,1.0,0.8,T,T,0.4,0.0,0.0,5.9,0.7,1.0,1.2,6.1,4.5,T,0.7,1.3,0.0,0.0,0.0,0.0,0.0,0.0,0.0,M,0.8,T,T
USC00300364,"BAITING HOLLOW","SUFFOLK",35,40.93,-72.74,1.5,0.0,0.0,0.0,0.0,0.0,0.0,0.0,1.5,12.0,0.0,T,1.2,T,0.0,0.0,0.0,0.0,0.0,0.0,0.0,0.0,0.0,0.0,0.0,0.0,0.0,0.0
USC00300379,"BALDWINSVILLE","ONONDAGA",379,43.15,-76.33,M,0.8,0.0,M,M,M,0.0,0.0,0.6,2.3,M,M,M,0.5,0.0,1.5,4.0,M,M,0.0,0.0,0.0,0.0,0.0,M,M,M,0.0
US1NYOG0046,"BALDWINSVILLE 3.5 NE","ONONDAGA",390,43.20,-76.29,1.5,1.7,0.7,3.9,0.0,0.8,T,0.0,0.9,2.0,0.6,0.1,10.2,0.4,M,3.6,1.5,T,0.0,0.0,0.0,0.0,0.0,0.0,0.0,T,M,0.0
US1NYSR0016,"BALLSTON SPA 2.9 ESE","SARATOGA",363,42.99,-73.80,2.0,0.0,0.0,0.0,0.0,0.0,0.0,0.0,3.0,2.0,3.0,0.0,9.0,0.0,0.0,0.0,0.0,0.0,0.0,0.0,M,0.0,0.0,0.0,0.0,T,T,0.0
USC00300443,"BATAVIA","GENESEE",913,43.03,-78.17,2.0,T,0.0,0.0,0.0,0.0,0.0,0.0,T,0.0,0.0,0.0,2.0,0.0,1.0,2.0,0.0,0.0,0.0,0.0,0.0,0.0,0.0,0.0,0.0,0.0,0.0,0.0
US1NYSF0034,"BAY SHORE 0.5 ESE","SUFFOLK",4,40.72,-73.24,0.4,M,M,M,M,M,M,M,4.8,6.6,M,M,M,M,M,M,M,M,M,M,M,M,M,M,M,M,M,M
US1NYPT0002,"BEACON 4.2 ESE","PUTNAM",854,41.48,-73.89,1.5,0.2,M,M,0.0,M,M,M,3.8,9.5,0.1,T,4.8,M,M,M,0.0,0.0,0.0,0.0,M,M,M,M,M,M,M,M
USC00300500,"BEAVER FALLS","LEWIS",740,43.89,-75.43,1.0,0.5,1.0,M,M,3.0,T,0.0,0.1,0.0,M,M,8.0,0.5,0.0,2.5,0.5,0.0,0.0,0.0,0.0,0.0,0.0,0.0,0.0,0.0,0.0,0.0
US1NYLW0005,"BEAVER FALLS 0.1 SW","LEWIS",793,43.89,-75.43,M,M,M,M,M,M,M,M,M,M,M,M,11.5,M,M,M,M,M,M,M,M,M,M,M,M,M,M,M
USC00300608,"BENNETTS BRIDGE","OSWEGO",660,43.53,-75.95,4.0,10.0,17.0,M,M,10.0,0.0,0.0,0.0,0.0,M,M,14.0,0.0,0.0,6.0,3.0,0.0,0.0,0.0,0.0,0.0,0.0,0.0,0.0,0.0,0.0,0.0
US1NYTG0015,"BERKSHIRE 1.9 ENE","TIOGA",1545,42.32,-76.22,2.5,T,1.0,1.0,T,0.0,0.0,M,6.0,0.0,0.5,1.5,5.0,0.5,0.0,3.0,0.5,0.0,0.0,0.0,0.0,M,0.0,0.0,0.0,T,T,M
US1NYTG0005,"BERKSHIRE 2.0 N","TIOGA",1100,42.33,-76.19,3.0,0.5,1.0,T,T,T,0.0,0.0,5.5,T,0.5,1.0,3.5,1.0,T,5.0,1.0,0.0,0.0,0.0,0.0,0.0,0.0,0.0,0.0,0.5,T,M
US1NYST0004,"BIG FLATS 2.0 W","STEUBEN",935,42.14,-76.97,1.5,T,0.0,0.0,0.0,0.0,M,M,5.0,0.4,0.4,0.5,T,0.0,M,1.0,0.0,0.0,0.0,0.0,0.0,0.0,M,0.0,0.0,0.1,0.0,0.0
USC00300668,"BIG MOOSE 3 SE","HERKIMER",1759,43.80,-74.87,5.0,3.5,2.5,M,M,M,0.5,0.0,1.0,0.0,M,M,M,1.5,M,M,M,M,M,M,M,0.0,0.0,0.0,M,M,M,0.0
USW00004725,"BINGHAMTON (GREATER  AP)","BROOME",1595,42.21,-75.98,0.1,1.9,T,0.0,0.1,T,0.0,0.1,5.7,0.6,T,5.6,5.0,T,2.4,1.1,0.3,0.0,0.0,0.0,0.0,0.0,0.0,0.0,0.1,0.1,0.0,0.0
US1NYBM0024,"BINGHAMTON 1.3 ENE","BROOME",851,42.11,-75.89,2.4,0.9,0.7,0.0,0.0,M,M,0.0,5.0,0.2,0.5,0.3,4.5,0.5,0.0,0.9,T,0.0,0.0,0.0,0.0,M,M,M,M,0.0,M,M
US1NYBM0011,"BINGHAMTON 1.8 SW","BROOME",1352,42.07,-75.93,2.8,0.5,1.0,T,0.0,T,0.0,0.0,4.8,T,0.5,T,4.2,T,0.0,1.4,0.0,0.0,0.0,0.0,0.0,0.0,0.0,M,0.0,T,M,M
USC00300684,"BINGHAMTON WFO","BROOME",1600,42.21,-75.99,0.1,1.9,T,0.0,0.1,T,0.0,0.1,5.7,0.6,T,5.6,5.0,T,2.4,1.1,0.3,0.0,0.0,0.0,0.0,0.0,0.0,0.0,0.1,0.1,0.0,0.0
US1NYER0060,"BLASDELL 1.5 SSW","ERIE",630,42.78,-78.84,2.5,0.4,0.0,M,0.0,T,0.0,0.0,0.2,T,0.9,0.0,M,T,0.1,0.5,0.0,0.0,0.0,0.0,0.0,0.0,0.0,0.0,0.0,0.1,0.0,0.0
US1NYOD0004,"BOONVILLE 0.2 NW","ONEIDA",1135,43.48,-75.33,8.0,0.0,6.5,0.0,1.5,0.0,M,M,0.0,0.0,0.0,6.0,3.5,0.0,4.0,0.0,0.0,0.0,0.0,0.0,0.0,0.0,0.0,M,M,M,0.0,0.0
USC00300785,"BOONVILLE 4 SSW","ONEIDA",1549,43.44,-75.37,2.3,9.5,7.6,2.5,0.3,1.5,0.0,0.0,1.0,0.3,2.7,0.0,7.8,0.0,0.6,3.4,1.0,0.0,0.0,0.0,0.0,0.0,0.0,0.0,M,2.9,0.0,0.0
US1NYOD0001,"BOONVILLE 8.0 E","ONEIDA",1445,43.48,-75.17,M,M,M,M,M,M,M,M,M,M,M,M,M,M,M,M,M,M,M,M,M,M,M,0.0,0.0,1.0,T,0.0
US1NYER0065,"BOSTON 1.5 NE","ERIE",1561,42.65,-78.72,2.0,3.0,T,0.1,0.5,T,0.0,0.0,1.0,T,0.1,0.0,0.5,0.1,3.0,5.0,T,0.0,0.0,0.0,0.0,0.0,0.0,0.0,0.0,0.1,0.0,0.0
US1NYOG0028,"BREWERTON 1.5 ESE","ONONDAGA",390,43.23,-76.11,1.5,1.6,4.0,7.1,0.0,0.6,M,M,0.7,1.5,0.7,M,9.0,0.4,M,2.3,M,M,0.0,0.0,0.0,M,M,M,M,0.2,3.5,M
USC00300870,"BREWERTON LOCK 23","ONONDAGA",377,43.24,-76.20,1.3,2.5,5.0,M,M,M,0.0,0.0,0.6,1.0,M,M,M,0.3,M,2.0,1.0,M,M,M,0.0,0.0,0.0,0.0,M,M,M,0.0
US1NYOT0004,"BRIDGEWATER 4.3 SSE","OTSEGO",1060,42.82,-75.23,2.6,T,M,0.6,0.0,0.0,T,T,3.2,0.8,1.2,0.0,8.6,0.3,0.0,0.1,0.8,0.0,0.0,0.0,0.0,0.0,0.0,0.0,0.0,0.4,0.6,0.0
USC00300937,"BROCKPORT","MONROE",498,43.22,-77.95,1.1,1.0,0.0,0.0,T,0.3,0.0,0.0,0.1,0.6,1.0,0.3,2.9,0.0,0.0,1.5,0.0,0.0,0.0,0.0,0.0,0.0,0.0,0.0,0.0,0.1,0.0,0.0
US1NYMR0015,"BROCKPORT 0.6 WNW","MONROE",386,43.22,-77.95,1.0,1.0,0.0,0.0,0.3,0.0,0.0,0.0,0.1,1.0,0.0,0.6,2.3,0.0,T,1.5,0.0,0.0,0.0,0.0,0.0,0.0,0.0,0.0,0.1,0.0,0.0,0.0
US1NYMR0029,"BROCKPORT 1.5 ENE","MONROE",483,43.22,-77.91,T,1.0,T,0.0,0.0,0.0,M,M,M,0.5,T,0.2,2.0,T,M,1.5,M,0.0,0.0,0.0,M,M,M,M,M,T,0.0,M
US1NYKN0025,"BROOKLYN 3.1 NW","KINGS",18,40.68,-73.99,0.1,0.0,0.0,M,M,M,M,0.0,M,8.0,M,0.0,M,0.0,0.0,M,0.0,M,M,M,M,M,0.0,0.0,M,M,0.0,0.0
USC00301011,"BUFFALO 4NE","ERIE",625,42.95,-78.84,M,M,M,M,M,M,M,M,M,M,0.8,0.0,0.4,0.0,0.4,M,M,M,M,M,0.0,0.0,0.0,0.0,0.0,0.1,M,M
US1NYER0109,"BUFFALO 6.7 N","ERIE",619,42.99,-78.87,1.5,M,M,0.0,0.0,0.2,0.0,M,0.1,T,0.6,T,0.7,0.0,0.1,0.9,T,M,0.0,0.0,0.0,M,0.0,M,M,0.5,0.0,0.0
USW00014733,"BUFFALO NIAGARA INTL","ERIE",716,42.94,-78.74,0.4,T,T,T,0.8,T,T,0.2,T,1.2,0.0,0.7,T,0.0,1.1,0.2,0.0,0.0,0.0,0.0,0.0,0.0,0.0,0.0,0.3,0.1,0.0,0.0
USC00301068,"BUSKIRK","RENSSELAER",507,42.94,-73.43,1.6,0.0,0.0,0.0,0.0,0.0,0.0,0.0,5.6,5.6,2.3,0.0,6.5,0.0,0.0,0.6,0.0,0.0,0.0,0.0,0.0,0.0,0.0,0.0,0.0,0.0,0.0,0.0
USC00301102,"CALLICOON CENTER","SULLIVAN",1221,41.83,-74.95,4.2,M,0.5,M,M,0.0,0.0,M,7.6,1.0,1.0,1.6,6.1,0.0,0.0,M,0.6,0.0,0.0,0.0,M,M,0.0,0.0,0.0,0.0,0.0,M
USC00301110,"CAMDEN","ONEIDA",580,43.33,-75.84,M,M,M,M,M,M,M,M,M,M,M,M,M,M,M,M,M,M,M,M,M,M,M,M,M,M,0.0,0.0
US1NYOG0010,"CAMILLUS 1.0 W","ONONDAGA",812,43.04,-76.33,4.0,1.5,1.0,0.0,0.0,T,0.0,0.0,0.3,12.0,0.5,T,7.5,1.0,0.0,3.5,4.0,0.0,0.0,0.0,0.0,0.0,0.0,0.0,0.0,T,T,0.0
USC00301211,"CARMEL 4N","PUTNAM",680,41.47,-73.65,2.3,0.1,0.0,0.0,0.0,0.0,0.0,0.0,5.0,6.4,0.3,0.2,4.0,0.0,M,0.3,0.0,0.0,0.0,0.0,0.0,0.0,0.0,0.0,0.0,0.0,0.0,0.0
US1NYTM0006,"CAROLINE CENTER 0.1 SE","TOMPKINS",1589,42.35,-76.32,2.8,0.3,0.5,1.5,M,M,0.0,0.0,5.5,2.0,1.2,T,7.2,1.5,0.1,5.4,0.5,0.0,0.0,0.0,0.0,0.0,0.0,0.0,M,0.4,T,M
US1NYJF0011,"CARTHAGE 2.0 SW","JEFFERSON",783,43.96,-75.63,M,M,M,M,M,2.0,T,M,M,M,M,M,M,M,M,M,M,M,M,M,M,M,M,M,M,M,M,M
USC00305673,"CATTARAUGUS","CATTARAUGUS",1355,42.32,-78.87,2.5,0.5,0.2,1.0,T,T,0.0,0.0,1.0,1.5,0.4,0.0,2.0,T,2.5,7.5,1.5,0.0,0.0,0.0,0.0,0.0,0.0,0.0,0.0,1.5,0.5,0.0
US1NYCY0002,"CAYUGA 3.2 ESE","CAYUGA",520,42.90,-76.67,1.0,1.0,0.0,0.0,0.0,0.0,0.0,0.0,0.8,2.0,1.5,T,3.0,1.8,0.0,3.5,1.0,0.0,0.0,0.0,0.0,0.0,0.0,0.0,0.0,0.0,0.0,0.0
USC00301265,"CAYUGA LOCK NO 1","CAYUGA",380,42.95,-76.73,1.8,1.0,M,0.0,0.0,0.0,M,0.0,0.8,4.1,0.8,0.0,4.0,2.3,0.0,2.0,0.5,M,M,0.0,0.0,0.0,0.0,0.0,0.0,0.0,0.0,0.0
US1NYMD0010,"CAZENOVIA 2.9 SE","MADISON",1463,42.90,-75.81,3.0,1.0,0.2,2.0,0.0,1.5,0.0,0.0,2.0,6.2,1.0,0.0,12.5,2.0,0.3,5.0,3.0,T,0.0,0.0,0.0,0.0,0.0,0.0,0.0,0.4,T,0.0
USC00301309,"CENTERPORT","SUFFOLK",30,40.88,-73.37,1.9,0.0,0.0,0.0,0.0,0.0,0.0,0.0,2.2,8.8,T,T,0.6,0.0,0.0,0.0,0.0,0.0,0.0,0.0,0.0,0.0,0.0,0.0,0.0,0.0,0.0,0.0
US1NYER0122,"CHEEKTOWAGA 2.4 NW","ERIE",671,42.93,-78.78,1.8,T,T,T,T,0.5,0.0,0.0,0.1,T,1.0,0.0,0.5,T,T,1.0,T,0.0,0.0,0.0,0.0,0.0,M,0.0,M,M,0.0,0.0
US1NYER0102,"CHEEKTOWAGA 2.7 NE","ERIE",703,42.94,-78.72,2.2,T,0.0,T,T,0.8,T,0.0,0.2,T,1.2,T,0.7,T,T,1.3,T,0.0,0.0,0.0,0.0,0.0,0.0,0.0,0.0,0.4,T,0.0
US1NYCM0024,"CHEMUNG 5.7 N","CHEMUNG",1069,42.09,-76.63,0.8,0.5,0.0,0.0,0.0,0.0,0.0,0.0,6.1,0.0,0.3,0.5,2.5,0.0,0.0,3.0,0.0,0.0,0.0,0.0,0.0,0.0,0.0,0.0,0.0,0.0,0.0,0.0
US1NYMD0016,"CHITTENANGO 2.1 ESE","MADISON",683,43.03,-75.83,1.3,2.1,0.7,1.9,0.0,0.6,M,0.0,1.4,2.5,1.0,0.1,7.8,1.5,1.0,2.8,2.7,0.0,0.0,M,0.0,M,0.0,0.0,0.0,T,T,0.0
US1NYER0051,"CLARENCE CENTER 0.9 N","ERIE",627,43.02,-78.63,2.0,0.1,0.0,M,M,0.6,0.0,M,0.1,0.0,1.3,M,1.0,0.0,T,1.1,0.0,M,0.0,M,0.0,M,M,M,M,0.2,T,0.0
US1NYER0123,"CLARENCE CENTER 5.2 WNW","ERIE",581,43.05,-78.72,2.1,0.2,0.0,M,M,M,0.0,M,0.2,T,1.1,T,1.2,0.0,T,M,M,M,M,0.0,0.0,M,M,M,M,M,M,M
US1NYOG0012,"CLAY 4.6 NW","ONONDAGA",380,43.20,-76.26,1.5,1.5,2.5,5.3,M,0.8,T,0.0,1.0,1.5,0.8,0.1,10.1,0.5,0.0,2.3,1.5,T,0.0,0.0,0.0,0.0,0.0,0.0,0.0,T,1.8,0.0
US1NYSR0029,"CLIFTON PARK 2.7 S","SARATOGA",289,42.82,-73.79,3.3,0.0,M,M,M,M,0.0,M,3.0,5.0,2.6,0.0,10.0,0.0,0.0,M,0.0,0.0,0.0,0.0,0.0,M,0.0,0.0,M,0.0,T,0.0
USC00301580,"CLYDE LOCK 26","WAYNE",392,43.06,-76.84,1.0,1.0,0.0,0.0,0.0,0.0,0.0,0.0,T,7.0,M,M,2.0,0.0,0.0,0.1,0.0,0.0,0.0,0.0,0.0,0.0,0.0,0.0,0.0,0.0,0.0,0.0
USC00301595,"COBLESKILL 2 ESE","SCHOHARIE",1169,42.67,-74.43,2.5,0.0,M,0.0,M,M,M,M,4.0,0.0,1.0,0.0,5.0,M,M,M,0.0,M,M,M,M,M,M,M,M,0.0,M,M
US1NYPT0004,"COLD SPRING 8.1 NE","PUTNAM",451,41.50,-73.84,1.5,M,0.0,0.0,0.0,0.0,M,0.0,2.0,11.5,0.1,T,3.0,0.0,0.0,T,0.0,0.0,0.0,0.0,0.0,M,0.0,0.0,0.0,M,0.0,0.0
USC00301625,"COLDEN 1W","ERIE",1535,42.65,-78.71,2.4,3.3,1.3,1.3,0.6,0.4,0.0,0.0,1.3,T,0.7,0.0,0.9,0.4,2.7,6.5,1.0,0.0,0.0,0.0,0.0,0.0,0.0,0.0,0.0,0.4,T,0.0
US1NYER0077,"COLDEN 2.4 ENE","ERIE",1650,42.65,-78.61,2.8,4.2,1.2,1.9,0.5,0.8,0.0,0.0,1.7,T,0.5,0.0,1.9,0.6,4.4,9.8,0.9,0.0,0.0,0.0,0.0,0.0,0.0,0.0,0.0,0.6,M,0.0
USC00301708,"CONKLINGVILLE DAM","SARATOGA",808,43.32,-73.93,1.0,0.0,0.0,0.0,0.0,0.0,0.0,0.5,2.0,1.0,0.0,0.0,8.0,0.0,0.0,0.5,0.0,0.0,0.0,0.0,0.0,0.0,0.0,0.0,0.0,0.0,0.0,0.0
US1NYLW0003,"CONSTABLEVILLE 1.2 NW","LEWIS",1646,43.58,-75.45,1.5,17.0,15.0,4.0,1.0,2.0,0.0,M,0.5,1.0,2.5,0.0,9.0,1.0,0.0,4.0,1.5,0.0,0.0,0.0,0.0,M,0.0,0.0,M,1.5,0.0,0.0
USC00301752,"COOPERSTOWN","OTSEGO",1257,42.72,-74.93,2.0,1.0,0.0,1.0,0.0,0.0,0.0,0.0,5.0,1.0,1.5,9.0,6.0,0.0,0.0,3.0,0.0,0.0,0.0,0.0,0.0,0.0,0.0,0.0,2.0,3.0,0.0,0.0
US1NYOT0002,"COOPERSTOWN 0.3 S","OTSEGO",1230,42.70,-74.93,3.0,0.3,0.0,1.5,0.0,0.2,M,M,4.8,0.7,0.0,0.7,6.0,0.2,0.0,1.0,0.0,0.0,0.0,0.0,0.0,0.0,0.0,0.0,0.0,0.8,0.5,0.0
USC00301761,"COPAKE","COLUMBIA",550,42.11,-73.55,M,M,M,0.5,M,M,M,M,M,M,10.0,2.2,M,M,M,1.0,M,M,M,M,M,M,M,M,M,0.0,M,M
USC00301787,"CORNING","STEUBEN",1147,42.13,-77.07,2.5,0.1,0.0,0.0,0.0,0.0,0.0,0.0,2.8,0.0,0.5,0.0,1.6,0.0,0.0,1.8,0.0,0.0,0.0,0.0,0.0,0.0,0.0,M,M,0.3,0.0,M
US1NYST0030,"CORNING 0.7 NNW","STEUBEN",939,42.16,-77.06,M,M,M,0.0,0.0,0.0,M,M,M,0.0,M,M,M,0.0,M,M,0.0,0.0,0.0,0.0,0.0,0.0,M,0.0,0.0,M,0.0,M
US1NYOR0002,"CORNWALL ON HUDSON 0.6 NNW","ORANGE",167,41.45,-74.02,1.8,M,M,M,M,M,0.0,M,12.8,M,M,3.4,0.0,0.0,0.0,M,M,0.0,M,M,M,M,M,M,0.0,M,M,M
US1NYLW0010,"CROGHAN 6.2 N","LEWIS",1040,43.98,-75.37,3.0,0.5,4.0,1.5,4.0,2.5,0.2,M,T,T,2.0,0.0,12.6,2.5,0.2,3.5,1.5,0.0,0.0,0.0,0.0,0.0,0.0,0.0,0.0,T,0.0,0.0
USC00301974,"DANSVILLE","LIVINGSTON",660,42.56,-77.72,T,1.0,T,0.0,0.0,0.0,0.0,0.0,1.6,0.0,T,0.0,T,0.0,T,0.6,0.0,0.0,0.0,0.0,0.0,0.0,0.0,0.0,0.0,T,0.0,0.0
US1NYLV0005,"DANSVILLE 1.0 ENE","LIVINGSTON",1505,42.57,-77.68,0.9,1.3,0.9,0.0,0.0,0.0,0.0,0.0,2.3,0.0,M,0.0,0.5,0.0,3.6,3.4,M,0.0,0.0,0.0,0.0,0.0,0.0,M,M,M,M,M
US1NYLV0001,"DANSVILLE 3.6 WSW","LIVINGSTON",1516,42.53,-77.76,0.7,2.0,0.9,1.2,T,T,0.0,0.0,1.5,T,0.6,0.0,3.0,0.5,2.9,2.5,0.0,0.0,0.0,0.0,0.0,0.0,0.0,0.0,0.0,0.2,M,M
US1NYOG0002,"DE WITT 1.4 WSW","ONONDAGA",630,43.03,-76.10,2.8,1.4,0.3,0.1,0.0,0.1,0.0,0.0,1.8,6.9,0.7,T,10.1,1.5,T,4.2,2.5,0.4,0.0,0.0,0.0,0.0,0.0,0.0,0.0,0.2,T,M
US1NYDL0031,"DELANCEY 0.9 SE","DELAWARE",1527,42.20,-74.96,3.6,4.6,M,M,0.0,M,M,M,8.0,2.2,2.5,0.0,8.0,1.0,T,2.0,2.5,0.0,M,0.0,0.0,0.0,0.0,0.0,M,1.5,T,0.0
USC00302031,"DELANSON 2NE","SCHENECTADY",984,42.77,-74.17,2.0,0.0,0.0,0.0,M,0.0,0.0,0.0,5.0,2.0,0.0,0.0,7.0,0.0,0.0,0.0,0.0,0.0,0.0,0.0,0.0,0.0,M,0.0,0.0,1.0,0.0,0.0
US1NYDL0005,"DELHI 1.5 NNE","DELAWARE",1516,42.30,-74.90,3.2,1.0,0.7,0.2,0.0,0.1,0.0,0.0,6.0,3.7,1.2,T,6.0,2.0,0.0,1.2,3.0,0.0,0.0,0.0,0.0,0.0,0.0,0.0,0.0,T,T,0.0
USC00302036,"DELHI 2 SE","DELAWARE",1460,42.25,-74.90,3.0,0.5,0.0,0.0,0.0,0.0,0.0,0.0,7.3,2.2,1.0,0.0,6.0,1.0,M,1.0,2.0,0.0,0.0,0.0,0.0,0.0,0.0,0.0,0.0,0.4,0.0,M
US1NYHR0012,"DOLGEVILLE 1.9 NW","HERKIMER",1026,43.12,-74.80,3.4,2.0,0.1,1.0,T,0.6,0.0,T,2.4,T,2.4,0.0,7.4,T,0.0,1.0,1.0,0.0,0.0,0.0,0.0,M,M,0.0,0.0,0.8,T,0.0
USC00302151,"DOWLING CEECOM","SUFFOLK",5,40.72,-73.09,0.0,0.0,0.0,0.0,0.0,0.0,0.0,0.0,12.0,0.0,0.0,M,0.0,0.0,0.0,0.0,0.0,0.0,0.0,0.0,0.0,0.0,0.0,0.0,0.0,0.0,0.0,0.0
US1NYYT0006,"DUNDEE 3.3 ESE","YATES",517,42.51,-76.92,0.8,T,T,0.0,0.0,0.0,0.0,0.0,2.1,0.0,0.2,0.0,1.9,0.0,T,1.3,0.0,0.0,0.0,0.0,0.0,0.0,0.0,0.0,0.0,T,0.0,0.0
US1NYSY0012,"DUNDEE 5.7 ESE","SCHUYLER",922,42.50,-76.87,T,T,T,0.0,0.0,0.0,0.0,0.0,2.5,0.0,T,0.0,0.5,M,M,0.6,0.0,0.0,0.0,0.0,0.0,M,0.0,M,0.0,M,0.0,M
US1NYSY0011,"DUNDEE 6.2 E","SCHUYLER",1089,42.52,-76.86,T,M,M,M,0.0,T,M,0.0,3.0,T,0.2,0.0,1.5,T,M,1.7,T,0.0,0.0,M,0.0,0.0,0.0,0.0,0.0,T,T,0.0
USC00302197,"DUNKIRK","CHAUTAUQUA",631,42.47,-79.33,2.2,T,T,0.2,0.0,T,0.0,0.0,T,0.4,0.2,0.0,T,0.0,1.0,0.8,0.0,0.0,0.0,0.0,0.0,0.0,0.0,0.0,0.0,0.1,T,0.0
US1NYOD0023,"DURHAMVILLE 3.5 NNW","ONEIDA",394,43.17,-75.68,1.8,1.4,4.7,5.1,T,0.7,T,T,1.0,0.4,1.4,0.0,8.7,2.4,0.0,3.4,0.9,0.0,0.0,0.0,0.0,0.0,0.0,0.0,0.0,T,T,0.0
US1NYMD0009,"EARLVILLE 0.4 W","MADISON",1080,42.74,-75.55,3.5,T,T,1.0,0.0,0.6,0.0,0.0,4.0,4.0,1.2,T,11.0,2.0,0.0,1.0,1.5,0.0,0.0,0.0,0.0,0.0,0.0,0.0,0.0,0.5,T,0.0
US1NYMD0011,"EARLVILLE 1.6 NNW","MADISON",1091,42.76,-75.56,2.3,M,T,1.1,M,0.1,M,M,3.5,3.5,0.7,0.2,8.7,1.3,0.0,1.2,M,T,0.0,0.0,0.0,M,0.0,0.0,0.0,M,M,M
US1NYER0054,"EAST AMHERST 1.2 WNW","ERIE",584,43.02,-78.72,M,M,M,M,M,M,M,M,0.1,M,M,M,M,0.0,M,1.2,0.0,0.0,0.0,0.0,0.0,0.0,0.0,0.0,0.0,0.2,M,M
US1NYER0050,"EAST AURORA 0.1 ENE","ERIE",919,42.77,-78.62,4.6,2.2,T,0.2,0.1,0.1,0.0,0.0,0.4,0.0,0.9,0.0,0.3,0.0,0.3,4.6,0.3,0.0,0.0,0.0,0.0,M,M,M,M,0.4,0.0,0.0
US1NYER0066,"EAST AURORA 1.0 ESE","ERIE",1017,42.76,-78.60,3.5,3.0,M,T,T,0.0,0.0,0.0,0.2,T,M,M,0.2,M,6.0,M,M,M,M,M,M,M,M,M,0.2,T,M,M
US1NYSF0041,"EAST FARMINGDALE 0.9 W","SUFFOLK",68,40.73,-73.43,M,0.0,0.0,0.0,0.0,0.0,0.0,M,M,M,M,M,M,M,M,M,M,M,M,M,M,M,M,M,M,M,M,M
US1NYTM0018,"EAST ITHACA 4.7 E","TOMPKINS",1161,42.42,-76.37,2.5,T,0.8,T,M,T,0.0,0.0,4.8,M,0.8,M,M,2.2,T,5.3,0.2,0.0,0.0,0.0,M,0.0,M,0.0,0.0,M,M,0.0
USC00302366,"EAST JEWETT","GREENE",1991,42.24,-74.14,2.4,0.0,0.0,0.0,0.0,0.0,0.0,0.0,5.2,4.9,1.6,0.0,6.8,0.0,0.0,0.2,0.1,0.0,0.0,0.0,0.0,0.0,0.0,0.0,0.0,0.0,0.0,0.0
US1NYSF0019,"EAST MORICHES 0.6 WNW","SUFFOLK",42,40.81,-72.77,0.9,0.0,0.0,0.0,M,0.0,0.0,M,1.0,9.0,0.0,M,M,0.0,T,M,0.0,0.0,M,0.0,0.0,0.0,M,0.0,0.0,M,0.0,0.0
USC00302454,"EAST SIDNEY","DELAWARE",1155,42.33,-75.23,M,0.2,M,M,M,M,M,M,5.0,2.0,1.0,M,5.0,M,M,M,M,M,M,M,M,M,M,M,M,M,M,M
USC00302554,"ELIZABETHTOWN","ESSEX",611,44.21,-73.60,T,0.0,0.0,0.0,0.0,T,1.0,2.0,1.0,1.5,M,0.0,11.0,0.0,0.0,4.0,0.0,0.0,0.0,0.0,0.0,0.0,0.0,0.0,0.0,0.0,0.0,0.0
US1NYER0096,"ELMA 2.7 WSW","ERIE",835,42.81,-78.68,3.5,2.0,0.3,0.7,0.3,T,M,M,0.7,0.0,1.0,M,1.3,0.0,0.3,4.0,M,0.0,0.0,0.0,0.0,M,M,M,M,0.7,0.0,0.0
US1NYER0075,"ELMA CENTER 0.7 SE","ERIE",872,42.82,-78.62,4.2,T,T,T,T,0.2,M,M,0.2,0.0,0.6,M,0.3,0.0,0.4,2.4,0.1,0.0,0.0,0.0,0.0,M,M,M,M,0.5,0.0,0.0
USC00302610,"ELMIRA","CHEMUNG",947,42.10,-76.84,1.0,0.0,0.0,0.0,0.0,0.0,M,0.0,4.0,0.0,0.0,0.0,1.0,0.0,0.0,1.0,1.0,0.0,0.0,0.0,0.0,0.0,0.0,0.0,0.0,0.1,0.0,0.0
US1NYCM0013,"ELMIRA 0.7 WNW","CHEMUNG",884,42.10,-76.82,1.0,T,0.0,0.0,0.0,0.0,M,M,4.0,T,M,M,M,T,0.0,1.5,T,M,M,0.0,0.0,0.0,M,0.0,0.0,T,T,M
US1NYCM0021,"ELMIRA 1.2 WNW","CHEMUNG",932,42.10,-76.83,1.0,T,M,M,M,M,M,M,4.0,T,0.2,M,T,T,M,1.5,T,M,M,M,M,M,M,M,M,T,M,M
US1NYCM0003,"ELMIRA 1.3 ESE","CHEMUNG",840,42.08,-76.79,1.2,T,0.0,0.0,0.0,0.0,M,0.0,6.0,T,0.2,M,0.5,T,0.0,1.0,T,0.0,0.0,0.0,0.0,0.0,M,0.0,0.0,M,0.0,M
US1NYCM0006,"ELMIRA 3.2 E","CHEMUNG",1120,42.09,-76.75,T,0.0,0.0,0.0,0.0,0.0,0.0,M,5.0,0.0,0.0,0.0,T,0.0,0.0,0.0,0.0,0.0,0.0,0.0,0.0,0.0,0.0,0.0,0.0,M,0.0,0.0
USC00305113,"EMMONS","OTSEGO",1225,42.47,-75.01,5.4,0.4,0.0,0.3,0.0,0.2,0.0,T,5.1,5.8,1.7,T,7.4,1.0,0.0,0.5,0.9,0.0,0.0,0.0,0.0,0.0,0.0,0.0,0.0,1.8,0.0,T
US1NYBM0004,"ENDICOTT 5.2 SSE","BROOME",1040,42.03,-76.02,3.0,T,T,0.0,0.0,T,0.0,M,5.4,T,T,M,M,T,0.0,1.5,T,0.0,0.0,0.0,0.0,0.0,0.0,0.0,0.0,T,0.0,0.0
US1NYNS0007,"FLORAL PARK 0.4 W","NASSAU",79,40.72,-73.71,1.0,0.0,M,0.0,0.0,0.0,0.0,M,1.1,12.3,0.0,M,M,0.0,0.0,0.0,0.0,0.0,0.0,0.0,M,0.0,0.0,0.0,M,M,0.0,0.0
US1NYMG0002,"FONDA 5.2 W","MONTGOMERY",956,42.96,-74.48,2.3,T,T,T,T,T,T,0.0,3.5,0.3,1.5,0.4,6.5,0.0,0.0,T,0.1,0.0,0.0,0.0,0.0,0.0,0.0,0.0,0.0,0.5,0.0,0.0
US1NYCQ0006,"FORESTVILLE 2.1 SW","CHAUTAUQUA",1169,42.45,-79.20,M,6.0,M,M,M,M,M,M,M,M,M,M,M,M,7.0,3.0,M,M,M,M,M,M,M,M,M,M,M,M
US1NYMG0001,"FORT PLAIN 0.2 SE","MONTGOMERY",309,42.93,-74.63,1.9,0.0,M,T,T,T,0.0,M,2.7,0.5,1.6,0.0,6.8,M,0.0,0.4,1.2,0.0,0.0,0.0,0.0,0.0,0.0,0.0,M,M,T,M
USC00303025,"FRANKLINVILLE","CATTARAUGUS",1589,42.33,-78.46,2.0,0.5,2.0,1.0,T,1.0,0.0,0.0,1.0,1.0,0.5,0.0,1.0,0.0,2.0,4.0,1.0,0.0,0.0,0.0,0.0,0.0,0.0,0.0,0.0,1.0,T,0.0
US1NYCT0022,"FRANKLINVILLE 0.5 NNE","CATTARAUGUS",1603,42.34,-78.45,M,M,M,M,M,M,M,M,M,M,M,M,M,M,M,M,M,M,M,M,M,M,M,M,M,1.0,0.0,M
US1NYCQ0022,"FREDONIA 0.8 WNW","CHAUTAUQUA",680,42.44,-79.35,3.0,1.5,0.2,0.5,0.0,0.0,0.0,0.0,0.2,T,M,M,M,T,1.0,3.5,0.0,0.0,0.0,0.0,0.0,0.0,0.0,0.0,0.0,T,0.0,0.0
US1NYGR0006,"FREEHOLD 3.4 E","GREENE",754,42.36,-73.98,1.8,T,0.0,0.0,M,T,M,0.1,7.3,3.4,0.8,M,6.0,M,M,M,T,M,M,M,M,M,M,M,M,T,T,M
US1NYCR0001,"FREETOWN 1.0 NE","CORTLAND",1564,42.53,-76.02,4.5,0.7,0.1,0.2,0.0,0.2,0.0,0.0,2.8,1.5,0.9,0.1,9.0,2.3,0.1,1.4,2.0,0.0,0.0,0.0,0.0,0.0,0.0,0.0,0.0,0.3,T,0.0
USC00303050,"FREEVILLE 1 NE","TOMPKINS",1050,42.52,-76.33,2.0,0.0,1.0,0.0,0.0,0.0,0.0,0.0,3.0,0.0,M,M,M,0.0,0.0,1.5,1.0,0.0,0.0,0.0,0.0,0.0,0.0,0.0,0.0,0.0,0.0,0.0
US1NYTM0005,"FREEVILLE 1.5 NE","TOMPKINS",1073,42.53,-76.32,2.1,0.2,0.3,T,0.0,T,0.0,0.0,2.3,0.1,M,T,4.9,1.0,T,2.8,1.0,0.0,0.0,0.0,0.0,0.0,0.0,0.0,M,0.3,T,0.0
US1NYTM0023,"FREEVILLE 3.7 W","TOMPKINS",1155,42.50,-76.42,2.0,0.2,0.2,T,0.0,T,T,0.0,2.5,0.1,0.8,T,2.0,0.5,T,3.5,1.5,0.0,0.0,0.0,0.0,0.0,0.0,0.0,0.0,0.2,T,0.0
US1NYCQ0021,"FREWSBURG 3.4 SSE","CHAUTAUQUA",1446,42.02,-79.12,M,M,M,M,M,M,M,M,M,M,T,M,1.9,0.3,M,M,M,M,M,M,M,M,M,M,M,1.2,M,M
USC00303087,"FULTON","OSWEGO",360,43.30,-76.39,1.9,5.6,9.3,11.0,0.0,1.3,0.0,0.0,0.4,0.0,0.9,0.0,8.3,0.2,0.0,2.7,1.0,0.0,0.0,0.0,0.0,0.0,0.0,0.0,0.0,0.6,2.0,0.0
US1NYOS0020,"FULTON 0.2 W","OSWEGO",397,43.32,-76.42,1.0,7.5,8.0,11.0,0.0,0.5,0.3,0.0,0.5,0.2,0.8,0.0,8.0,T,0.0,0.8,0.2,0.0,0.0,0.0,0.0,0.0,0.0,0.0,0.0,1.0,1.0,0.0
US1NYSR0006,"GANSEVOORT 1.3 WNW","SARATOGA",296,43.20,-73.68,1.0,T,0.0,0.0,0.0,0.0,0.0,0.0,1.3,3.1,1.5,0.0,8.5,0.0,0.0,T,0.0,0.0,0.0,0.0,0.0,0.0,0.0,0.0,0.0,M,M,M
USC00303184,"GENEVA RESEARCH FARM","ONTARIO",718,42.88,-77.03,1.3,0.5,0.0,0.0,0.0,0.0,0.0,0.0,1.3,0.0,0.2,0.0,2.3,1.5,0.0,0.1,0.0,0.0,0.0,0.0,0.0,0.0,0.0,0.0,0.0,0.0,0.0,0.0
USC00303250,"GLENFIELD 1W","LEWIS",1080,43.71,-75.43,1.5,10.6,2.5,4.3,0.6,1.3,T,0.0,0.4,T,1.5,0.0,5.7,1.3,0.6,2.9,0.2,0.0,0.0,0.0,0.0,0.0,0.0,0.0,0.0,0.3,0.0,0.0
US1NYAB0032,"GLENMONT 2.5 SW","ALBANY",179,42.58,-73.80,1.0,0.0,0.0,0.0,0.0,0.0,0.0,M,4.0,12.5,1.0,0.0,10.5,0.0,0.0,0.0,0.0,0.0,0.0,0.0,0.0,0.0,0.0,0.0,0.0,M,0.0,0.0
US1NYWR0003,"GLENS FALLS 4.0 W","WARREN",470,43.31,-73.73,0.8,T,T,M,T,T,M,M,M,M,1.3,M,10.0,M,T,T,M,M,M,M,M,M,M,M,M,T,T,0.0
USW00014750,"GLENS FALLS AP","WARREN",321,43.35,-73.62,M,M,M,M,M,M,M,M,M,M,M,M,M,M,M,M,M,M,0.0,0.0,0.0,M,M,M,M,M,M,M
US1NYER0063,"GLENWOOD 1.5 SE","ERIE",1411,42.60,-78.64,3.5,3.0,1.5,1.5,0.5,0.3,0.0,0.0,0.7,T,0.5,0.0,0.5,0.2,1.7,5.5,1.5,0.0,0.0,0.0,0.0,0.0,0.0,0.0,0.0,0.2,T,0.0
USC00303322,"GLOVERSVILLE 7NW   (PECK LAKE)","FULTON",1455,43.12,-74.42,4.0,2.1,0.1,0.7,0.1,1.0,0.0,0.4,3.0,2.1,3.4,0.1,13.5,0.6,0.1,0.6,M,M,M,M,M,M,M,M,M,2.7,0.7,0.0
USC00303346,"GOUVERNEUR 3 NW","ST. LAWRENCE",420,44.35,-75.51,2.0,0.0,0.0,0.0,0.0,1.5,T,0.5,0.0,0.0,1.5,T,9.5,T,0.5,2.5,0.5,0.0,0.0,0.0,0.0,0.0,0.0,0.0,0.0,0.0,0.0,0.0
USC00303444,"GREENE","CHENANGO",920,42.32,-75.77,4.0,0.0,0.0,0.0,0.0,0.0,0.0,0.0,5.0,0.5,0.5,1.0,6.0,1.0,0.0,1.0,0.0,0.0,0.0,0.0,0.0,0.0,0.0,0.0,0.0,0.0,0.0,0.0
US1NYSR0022,"GREENFIELD CENTER 1.6 W","SARATOGA",603,43.13,-73.88,M,T,T,M,0.0,0.0,T,M,2.0,2.0,2.5,0.0,9.5,0.0,0.0,0.0,0.0,0.0,0.0,0.0,0.0,M,0.0,M,M,1.0,M,0.0
US1NYGR0007,"GREENVILLE 0.7 E","GREENE",816,42.41,-74.01,1.0,1.5,T,0.0,0.0,T,0.0,0.2,2.5,10.0,2.0,0.0,11.0,T,0.0,T,0.0,0.0,0.0,0.0,0.0,0.0,0.0,0.0,0.0,T,T,M
US1NYTM0004,"GROTON 0.5 NW","TOMPKINS",1034,42.59,-76.37,2.5,0.8,0.6,T,0.0,0.1,0.0,0.0,2.4,0.1,0.6,0.1,5.0,0.3,0.0,1.9,1.7,0.0,0.0,0.0,0.0,0.0,0.0,0.0,0.0,T,T,0.0
US1NYER0039,"HAMBURG 0.4 WSW","ERIE",792,42.72,-78.84,3.4,2.3,0.0,0.0,T,0.1,0.0,M,0.1,T,0.5,M,0.1,T,0.5,1.0,0.0,0.0,0.0,0.0,0.0,M,M,M,M,0.1,T,0.0
US1NYSL0006,"HANNAWA FALLS 0.1 SW","ST. LAWRENCE",561,44.61,-74.97,2.5,0.5,0.0,0.5,T,1.0,0.5,T,0.0,0.0,1.2,T,13.5,1.2,1.0,2.5,3.0,T,0.0,0.0,0.0,0.0,0.0,0.0,0.0,0.0,0.0,0.0
US1NYLW0002,"HARRISVILLE 4.7 SSW","LEWIS",938,44.09,-75.37,2.8,0.1,M,M,4.0,2.5,0.2,M,M,T,M,M,11.0,2.0,0.4,4.5,1.5,M,M,M,M,M,M,M,M,M,M,M
US1NYOT0011,"HARTWICK","OTSEGO",1335,42.66,-75.05,3.2,0.5,T,2.4,0.0,0.3,0.0,0.0,5.2,2.1,1.6,0.0,10.2,1.0,T,0.6,2.1,0.0,0.0,0.0,0.0,0.0,0.0,0.0,0.0,2.1,0.0,T
USC00303851,"HIGHMARKET","LEWIS",1763,43.58,-75.52,1.8,14.9,9.0,8.4,1.6,2.2,0.1,0.0,0.5,0.2,3.2,0.0,8.7,0.4,0.3,3.2,0.3,0.0,0.0,0.0,0.0,0.0,0.0,0.0,0.0,1.0,0.2,0.0
US1NYDL0025,"HOBART 4.8 ESE","DELAWARE",2220,42.35,-74.58,3.5,0.8,T,0.2,0.0,T,T,M,9.0,2.0,0.6,0.0,6.0,0.6,0.0,0.8,1.2,0.0,0.0,0.0,0.0,0.0,0.0,0.0,0.0,2.0,T,0.0
US1NYOD0043,"HOLLAND PATENT 1.1 WNW","ONEIDA",779,43.25,-75.28,2.0,5.5,1.5,4.0,1.0,1.5,T,0.1,1.5,0.5,3.0,M,11.0,M,1.0,5.0,2.5,M,M,M,M,M,M,M,M,2.0,0.5,M
US1NYOD0007,"HOLLAND PATENT 1.5 WSW","ONEIDA",590,43.24,-75.29,1.7,5.0,1.4,3.9,0.5,1.4,0.0,0.0,1.5,T,2.2,0.0,9.1,T,1.4,3.8,0.5,0.0,0.0,0.0,0.0,0.0,0.0,0.0,0.0,1.9,T,0.0
USC00303955,"HONEOYE","ONTARIO",800,42.79,-77.51,0.5,1.0,0.0,0.0,0.0,0.0,0.0,0.0,2.0,0.0,1.0,0.0,4.0,0.0,0.5,1.5,0.0,0.0,0.0,0.0,0.0,M,M,0.0,0.0,0.0,0.0,0.0
USC00303961,"HOOKER 12 NNW","LEWIS",1478,43.85,-75.72,1.7,3.9,4.5,4.5,6.2,2.0,T,0.0,0.1,0.7,2.5,0.0,8.3,0.7,1.0,5.5,1.6,0.0,0.0,0.0,0.0,0.0,0.0,0.0,0.0,0.9,T,0.0
US1NYDT0004,"HOPEWELL JUNCTION 2.4 SSE","DUTCHESS",279,41.55,-73.79,1.0,0.0,0.0,0.0,0.0,M,M,M,3.5,10.8,0.1,T,3.9,0.0,0.0,M,0.0,M,0.0,0.0,0.0,M,0.0,M,0.0,M,0.0,0.0
USC00303983,"HORNELL ALMOND DAM","STEUBEN",1325,42.35,-77.70,1.5,0.0,1.0,0.0,0.0,0.0,0.0,M,3.0,0.0,M,0.0,M,0.0,0.0,4.0,0.0,M,M,0.0,0.0,0.0,0.0,0.0,0.0,0.5,0.0,0.0
US1NYCB0001,"HUDSON 8.2 S","COLUMBIA",298,42.13,-73.77,1.0,0.0,0.0,0.0,0.0,0.0,M,M,M,M,1.0,0.0,4.0,0.0,0.0,0.0,0.0,0.0,0.0,0.0,0.0,0.0,0.0,M,0.0,M,0.0,0.0
USC00304102,"INDIAN LAKE 2SW","HAMILTON",1660,43.76,-74.27,2.0,0.5,0.2,0.6,0.0,1.0,0.8,0.8,1.5,0.2,2.0,0.0,11.2,0.7,0.6,5.4,0.7,0.0,0.0,0.0,0.0,0.0,0.0,0.0,0.0,2.8,0.0,0.0
US1NYSF0017,"ISLIP 0.2 NW","SUFFOLK",14,40.74,-73.22,M,0.0,0.0,0.0,0.0,0.0,M,M,4.0,M,0.0,M,M,0.0,0.0,0.0,0.0,0.0,0.0,0.0,0.0,M,0.0,0.0,0.0,M,0.0,0.0
USW00004781,"ISLIP-LI MACARTHUR AP","SUFFOLK",84,40.79,-73.10,0.0,0.0,0.0,0.0,0.0,0.0,0.0,0.0,14.3,T,0.0,0.4,0.0,0.0,T,0.0,0.0,0.0,0.0,0.0,0.0,0.0,0.0,0.0,0.0,0.0,0.0,0.0
US1NYTM0003,"ITHACA 1.1 SE","TOMPKINS",650,42.43,-76.49,0.2,T,M,M,M,T,T,0.0,2.8,0.3,0.4,0.0,1.1,0.2,0.0,2.4,0.1,0.0,0.0,0.0,0.0,0.0,0.0,0.0,0.0,T,0.4,0.0
US1NYTM0017,"ITHACA 2.6 NW","TOMPKINS",1001,42.50,-76.58,M,M,M,M,M,M,M,M,M,M,M,M,M,M,M,M,M,0.0,0.0,0.0,0.0,0.0,0.0,0.0,0.0,M,M,M
USC00304174,"ITHACA CORNELL UNIV","TOMPKINS",960,42.45,-76.45,0.6,0.0,0.8,0.0,0.0,0.0,0.0,0.0,2.2,0.3,0.4,0.0,4.0,0.2,0.0,2.0,0.5,0.0,0.0,0.0,0.0,0.0,0.0,0.0,0.0,0.0,0.0,0.0
US1NYSF0007,"JAMESPORT 0.6 SSW","SUFFOLK",20,40.94,-72.58,1.7,0.0,0.0,0.0,0.0,M,M,M,M,M,0.0,M,M,0.0,0.0,M,0.0,0.0,M,M,M,M,M,M,M,M,0.0,M
USC00304207,"JAMESTOWN 4 ENE","CHAUTAUQUA",1250,42.11,-79.16,3.0,1.4,1.3,0.0,0.8,0.0,0.0,0.0,1.0,2.0,0.4,0.0,1.1,0.6,1.0,7.9,0.6,0.0,0.0,0.0,0.0,0.0,0.0,0.0,0.0,1.0,1.0,0.0
USW00094789,"JFK INTL AP","QUEENS",11,40.64,-73.76,0.0,T,0.0,0.0,0.0,0.0,0.0,0.0,8.3,T,0.0,0.1,0.0,0.0,0.0,0.0,0.0,0.0,0.0,0.0,0.0,0.0,0.0,0.0,0.0,0.0,0.0,0.0
US1NYES0007,"KEESEVILLE 0.8 SE","ESSEX",528,44.49,-73.47,0.5,0.2,T,T,0.0,0.8,3.8,M,0.3,0.3,0.8,T,9.5,0.0,0.0,2.5,T,0.0,0.0,0.0,0.0,M,0.0,0.0,M,T,0.0,0.0
US1NYER0059,"KENMORE 0.3 ESE","ERIE",612,42.96,-78.87,2.3,T,0.0,T,0.0,0.4,0.0,0.0,0.1,0.3,1.3,0.0,0.8,T,0.1,1.2,T,0.0,0.0,0.0,0.0,0.0,0.0,0.0,0.0,0.2,T,0.0
US1NYER0057,"KENMORE 0.8 NW","ERIE",607,42.97,-78.88,2.2,T,0.0,0.0,0.0,0.2,M,M,0.1,0.1,1.2,M,0.5,T,T,0.5,0.2,0.0,0.0,0.0,0.0,M,M,M,M,0.2,0.0,0.0
US1NYCQ0005,"KENNEDY 0.3 NE","CHAUTAUQUA",1284,42.16,-79.10,4.0,M,M,M,M,M,M,M,M,M,M,M,M,M,M,M,M,M,M,M,M,M,M,M,M,M,M,M
US1NYUL0001,"KINGSTON 1.1 W","ULSTER",190,41.93,-74.02,2.3,T,T,0.0,0.0,0.0,0.0,T,3.0,8.0,1.0,T,5.5,T,M,T,0.0,0.0,0.0,0.0,0.0,0.0,0.0,0.0,0.0,0.0,T,0.0
USW00014732,"LA GUARDIA AP","QUEENS",11,40.78,-73.88,0.0,0.0,0.0,0.0,0.0,0.0,0.0,0.0,10.0,T,0.0,0.3,0.0,0.0,0.0,0.0,0.0,0.0,0.0,0.0,0.0,0.0,0.0,0.0,0.0,0.0,0.0,0.0
US1NYOS0001,"LACONA 3.6 SSE","OSWEGO",628,43.60,-76.04,M,12.3,14.7,14.6,3.4,1.4,M,M,M,M,1.8,M,8.2,2.7,M,3.8,2.7,M,M,M,M,M,M,M,0.0,0.2,M,M
US1NYDT0012,"LAGRANGEVILLE 3.4 NE","DUTCHESS",648,41.68,-73.72,1.6,0.0,T,0.0,0.0,0.0,0.0,0.0,2.0,9.0,0.5,T,3.7,0.0,0.0,0.9,0.0,0.0,0.0,0.0,0.0,0.0,0.0,0.0,0.0,0.0,0.0,0.0
USC00304537,"LAKE LUZERNE","WARREN",610,43.26,-73.83,1.0,0.0,0.0,0.0,0.0,0.0,0.0,0.0,1.0,3.0,2.3,0.0,8.5,0.0,0.0,0.0,0.0,0.0,0.0,0.0,0.0,0.0,0.0,0.0,0.0,0.0,0.0,0.0
US1NYES0001,"LAKE PLACID 1.5 N","ESSEX",1898,44.30,-73.99,2.0,0.5,T,3.0,2.5,3.0,2.5,T,1.3,0.3,1.0,T,8.5,3.0,0.0,5.5,6.5,0.1,0.0,0.0,0.0,0.0,0.0,0.0,0.0,5.0,T,T
US1NYTM0002,"LANSING 6.6 NW","TOMPKINS",850,42.57,-76.57,0.5,0.1,0.1,0.0,0.0,M,M,M,3.4,M,3.0,M,0.8,M,1.5,0.0,M,0.0,0.0,M,0.0,0.0,0.0,0.0,0.0,1.0,M,M
USC00304575,"LANSING MANOR","SCHOHARIE",1100,42.45,-74.47,4.0,M,0.0,M,0.0,0.0,0.0,0.0,6.6,M,1.0,0.5,M,M,0.0,0.0,0.3,0.0,0.0,M,0.0,M,0.0,0.0,0.0,0.0,0.0,0.0
US1NYOT0025,"LAURENS 5.5 W","OTSEGO",1704,42.52,-75.20,3.9,0.6,0.6,1.3,T,0.1,T,0.0,5.9,6.7,1.3,T,6.3,2.2,0.0,1.2,2.7,T,0.0,0.0,0.0,0.0,0.0,0.0,0.0,1.3,T,0.0
USC00304808,"LITTLE VALLEY","CATTARAUGUS",1625,42.25,-78.81,5.0,1.2,3.0,1.0,0.0,2.0,0.0,0.0,1.0,2.0,1.0,0.0,1.0,1.0,1.8,8.0,1.0,0.0,0.0,0.0,0.0,0.0,0.0,0.0,0.0,1.0,0.0,0.0
US1NYCB0008,"LIVINGSTON 0.7 SSW","COLUMBIA",242,42.13,-73.79,1.2,0.0,0.0,0.0,0.0,0.0,M,M,5.1,4.5,M,0.0,3.2,0.0,0.0,M,0.0,0.0,0.0,0.0,0.0,0.0,0.0,0.0,0.0,M,T,0.0
USC00304844,"LOCKPORT","NIAGARA",618,43.17,-78.67,0.0,0.5,0.0,0.0,0.1,0.1,0.0,0.0,0.0,1.0,0.0,2.0,0.0,M,0.6,2.5,0.0,0.0,0.0,0.0,0.0,M,0.0,0.0,0.0,1.3,0.0,0.0
US1NYNG0012,"LOCKPORT 0.8 NE","NIAGARA",521,43.18,-78.68,1.4,0.5,T,T,0.0,0.4,T,T,0.1,T,1.6,0.3,2.1,T,T,1.9,0.4,0.0,M,M,M,M,M,M,M,M,M,M
US1NYSV0006,"LONG EDDY","SULLIVAN",879,41.85,-75.13,3.0,0.5,0.5,0.0,M,0.0,M,0.0,5.5,2.0,0.3,T,5.5,0.5,0.0,T,0.0,0.0,0.0,0.0,M,0.0,0.0,0.0,0.0,M,M,0.0
US1NYDL0023,"LONG EDDY 6.5 NNE","DELAWARE",1746,41.94,-75.08,4.3,1.5,0.9,T,0.0,0.0,T,0.0,7.0,2.1,1.0,T,10.3,2.0,0.0,1.9,0.6,T,0.0,0.0,0.0,0.0,0.0,0.0,0.0,T,0.4,0.0
US1NYHM0006,"LONG LAKE 0.1 SSE","HAMILTON",1662,43.97,-74.42,1.0,0.5,T,1.0,T,1.3,M,M,M,0.5,0.5,M,14.5,2.5,1.0,6.5,3.0,M,M,M,M,M,M,M,M,0.5,M,M
USC00304912,"LOWVILLE","LEWIS",863,43.79,-75.48,5.0,5.4,1.0,3.7,0.7,2.5,T,0.0,0.4,0.3,1.4,0.0,8.0,1.0,0.1,3.5,T,0.0,0.0,0.0,0.0,0.0,0.0,0.0,0.0,T,T,T
US1NYNS0014,"LYNBROOK 0.3 NW","NASSAU",23,40.66,-73.68,0.2,M,M,M,M,M,M,0.0,0.9,16.1,T,0.0,M,M,M,M,M,M,M,M,M,M,0.0,0.0,M,M,0.0,0.0
USC00304939,"LYNDONVILLE","ORLEANS",337,43.34,-78.39,0.7,T,T,T,T,0.5,0.0,0.0,0.0,T,1.0,0.5,2.8,0.0,T,0.4,0.0,0.0,0.0,0.0,0.0,0.0,0.0,0.0,0.0,T,T,0.0
US1NYWN0018,"MACEDON 2.6 ESE","WAYNE",516,43.05,-77.26,2.3,1.4,0.2,T,0.0,0.2,T,0.0,1.5,1.6,1.1,0.1,1.5,1.2,0.0,0.5,0.2,0.0,0.0,0.0,0.0,0.0,0.0,0.0,0.0,T,T,0.0
USC00304996,"MALONE","FRANKLIN",880,44.84,-74.31,1.0,0.5,0.5,0.5,T,0.5,3.5,0.0,T,T,1.0,0.5,9.5,2.5,0.5,1.0,1.5,0.0,0.0,0.0,0.0,0.0,0.0,0.0,0.0,T,T,0.0
US1NYSR0015,"MALTA 2.6 NNW","SARATOGA",321,43.01,-73.80,M,0.0,0.0,0.0,M,0.0,M,M,M,M,M,M,M,0.0,0.0,0.0,0.0,0.0,0.0,0.0,0.0,0.0,0.0,0.0,0.0,M,0.0,0.0
US1NYJF0026,"MANNSVILLE 0.3 SE","JEFFERSON",622,43.71,-76.06,6.0,12.0,6.0,16.0,M,M,T,M,0.0,0.0,M,0.0,8.0,M,0.5,5.0,3.0,0.0,M,M,M,M,M,M,M,T,M,M
US1NYCR0005,"MARATHON 1.0 NW","CORTLAND",1030,42.45,-76.04,3.5,0.7,T,0.1,T,0.2,T,0.0,5.0,0.7,0.7,1.2,7.2,1.0,0.1,1.0,0.8,0.0,0.0,0.0,0.0,0.0,0.0,T,0.0,0.5,0.0,0.0
US1NYWN0009,"MARION 2.0 NE","WAYNE",478,43.17,-77.17,1.5,M,1.3,M,M,T,M,M,M,M,M,M,3.3,M,M,M,M,M,M,M,M,M,M,M,M,T,M,M
USW00094725,"MASSENA INTL AP","ST. LAWRENCE",214,44.94,-74.85,M,M,M,M,M,M,M,M,0.0,M,M,M,M,M,M,M,M,0.0,0.0,0.0,M,0.0,M,M,M,M,M,M
USC00305142,"MATTITUCK","SUFFOLK",20,40.99,-72.51,0.0,0.0,0.0,0.0,0.0,0.0,0.0,0.0,7.1,0.0,0.0,0.7,0.0,0.0,0.0,0.0,0.0,0.0,0.0,0.0,0.0,0.0,0.0,0.0,0.0,0.0,0.0,0.0
USC00305233,"MECKLENBURG 4SW","SCHUYLER",1509,42.44,-76.76,1.5,0.0,1.0,0.2,M,0.0,0.0,M,2.8,1.0,0.5,M,2.0,0.0,0.0,3.0,0.0,M,M,M,M,M,M,M,M,0.1,0.0,M
USC00305236,"MEDINA","ORLEANS",550,43.21,-78.39,1.4,0.8,T,T,0.0,0.5,0.0,0.0,0.2,0.1,1.4,0.2,1.7,0.0,0.0,3.8,0.4,0.0,0.0,0.0,0.0,0.0,0.0,0.0,0.0,1.2,T,0.0
US1NYQN0002,"MIDDLE VILLAGE 0.5 SW","QUEENS",106,40.71,-73.88,1.1,M,M,M,M,M,M,M,2.2,11.5,T,M,T,M,M,M,M,M,M,M,M,M,M,M,M,M,M,M
US1NYYT0008,"MIDDLESEX 3.5 S","YATES",940,42.65,-77.27,0.7,0.8,0.2,0.0,0.0,T,T,M,2.8,M,0.4,M,4.2,T,0.5,2.2,T,M,M,M,M,M,M,M,M,0.2,M,M
US1NYDT0008,"MILLBROOK 3.2 SE","DUTCHESS",1024,41.75,-73.65,1.3,0.0,0.2,0.0,0.0,0.0,M,0.0,2.1,6.3,0.9,T,5.2,0.0,0.0,0.3,0.0,0.0,0.0,0.0,0.0,M,0.0,M,0.0,M,0.0,0.0
US1NYOS0015,"MINETTO 0.1 SE","OSWEGO",351,43.40,-76.48,1.7,7.7,4.1,11.0,0.0,1.5,0.2,0.0,0.1,T,0.7,0.2,7.2,T,0.0,1.5,0.1,0.0,0.0,0.0,0.0,0.0,0.0,0.0,0.0,0.3,1.2,0.0
USC00305512,"MORRISVILLE 6 SW","MADISON",1681,42.84,-75.73,2.3,M,M,M,0.0,0.5,0.0,0.0,M,9.0,1.1,0.2,10.0,3.1,0.5,4.6,2.4,0.2,0.0,0.0,0.0,0.0,0.0,0.0,0.0,1.0,0.0,0.0
USC00305597,"MOUNT MORRIS 2 W","LIVINGSTON",880,42.73,-77.91,1.0,0.0,0.0,0.0,0.0,0.0,0.0,0.0,0.0,0.0,1.0,M,0.0,0.0,0.0,0.0,0.0,0.0,M,M,0.0,0.0,0.0,0.0,0.0,0.0,0.0,0.0
USC00305606,"MOUNT SINAI","SUFFOLK",50,40.93,-73.02,0.0,0.0,0.0,0.0,0.0,0.0,0.0,0.0,11.0,0.0,0.0,1.0,0.0,0.0,0.0,0.0,0.0,0.0,0.0,0.0,0.0,0.0,0.0,0.0,0.0,0.0,0.0,0.0
US1NYMD0014,"MUNNSVILLE 2.0 SW","MADISON",1009,42.95,-75.61,2.0,1.0,0.7,1.5,T,0.5,0.0,0.0,3.0,3.0,1.0,0.4,7.0,3.0,T,2.5,3.5,0.0,0.0,0.0,0.0,0.0,0.0,0.0,0.0,2.5,0.0,0.0
US1NYYT0009,"NAPLES 5.2 E","YATES",1139,42.60,-77.30,M,0.0,M,M,0.0,M,0.0,0.0,0.0,M,0.0,M,M,0.0,0.0,M,M,0.0,0.0,M,M,0.0,M,M,M,M,0.0,0.0
US1NYGR0005,"NEW BALTIMORE 0.2 SE","GREENE",40,42.44,-73.79,2.0,0.0,M,0.0,T,M,T,0.0,4.0,9.0,2.0,T,9.0,M,M,M,M,M,M,M,M,M,M,M,M,T,T,0.0
US1NYOD0019,"NEW HARTFORD 0.8 S","ONEIDA",695,43.06,-75.29,1.7,0.8,2.4,1.9,0.0,0.1,T,T,2.4,0.3,1.2,T,7.2,0.1,0.0,1.9,0.9,0.0,0.0,0.0,M,0.0,0.0,0.0,0.0,T,T,0.0
USC00305714,"NEWCOMB","ESSEX",1647,43.97,-74.22,1.5,0.8,T,M,M,1.4,1.3,1.0,0.0,1.0,2.3,T,9.6,1.8,1.3,5.6,2.1,0.0,0.0,0.0,0.0,0.0,0.0,0.0,0.0,2.8,0.0,0.0
US1NYTM0015,"NEWFIELD 2.5 S","TOMPKINS",1598,42.32,-76.59,2.1,T,0.5,T,0.0,T,0.0,0.0,3.4,T,0.7,M,5.4,M,T,3.3,0.5,T,0.0,M,M,M,M,M,M,M,M,0.0
US1NYNG0011,"NIAGARA FALLS 0.7 WNW","NIAGARA",587,43.10,-79.03,0.0,0.3,0.0,M,0.3,0.0,0.0,0.1,0.0,1.2,0.0,1.1,0.0,0.0,1.1,1.5,0.0,0.0,0.0,0.0,0.0,0.0,0.0,0.0,0.0,0.1,0.0,0.0
US1NYNG0022,"NIAGARA FALLS 5.7 E","NIAGARA",578,43.08,-78.90,1.3,0.3,0.0,M,M,M,M,M,M,0.0,M,M,M,M,M,M,M,M,M,M,0.0,M,M,M,M,0.1,0.0,M
USC00305840,"NIAGARA FALLS INT'L AP","NIAGARA",588,43.11,-78.94,1.0,0.2,0.0,T,0.0,T,T,T,0.1,T,1.0,T,0.9,T,0.2,2.0,1.5,0.0,0.0,0.0,0.0,0.0,0.0,0.0,0.0,0.6,T,0.0
US1NYSC0016,"NISKAYUNA 2.0 N","SCHENECTADY",272,42.85,-73.90,3.0,M,0.0,0.0,M,0.0,T,1.6,3.0,2.0,2.0,0.0,8.0,0.0,0.0,M,0.0,0.0,0.0,0.0,0.0,0.0,0.0,M,M,T,M,0.0
US1NYMR0012,"NORTH CHILI 0.6 NW","MONROE",608,43.12,-77.82,1.0,2.5,0.0,T,T,T,0.0,0.0,0.3,0.5,0.2,M,3.0,0.0,T,0.5,0.0,M,0.0,0.0,0.0,0.0,0.0,0.0,M,M,M,0.0
USC00305925,"NORTH CREEK 5 SE","WARREN",890,43.66,-73.90,0.5,0.0,0.0,0.0,0.0,0.3,0.2,0.8,1.5,1.4,M,M,8.5,0.0,0.0,2.0,0.0,0.0,0.0,0.0,0.0,0.0,0.0,0.0,0.0,0.7,0.0,0.0
US1NYNG0002,"NORTH TONAWANDA 1.0 NNE","NIAGARA",578,43.06,-78.86,1.5,0.5,0.0,0.0,0.0,0.3,0.0,0.0,0.1,0.0,1.2,0.0,1.1,0.0,0.0,1.1,0.3,0.0,0.0,0.0,0.0,0.0,0.0,0.0,0.0,0.2,0.0,0.0
US1NYSF0016,"NORTHPORT 1.6 NNE","SUFFOLK",84,40.92,-73.33,0.8,0.0,0.0,0.0,0.0,0.0,0.0,0.0,4.2,8.1,0.0,T,0.8,0.0,0.0,0.0,0.0,0.0,0.0,0.0,0.0,0.0,0.0,0.0,0.0,0.0,0.0,0.0
USC00306062,"NORTHVILLE","FULTON",790,43.16,-74.20,1.4,0.3,0.0,M,M,0.0,0.0,0.1,M,0.7,M,M,10.5,0.0,0.0,0.0,0.0,M,M,M,0.0,0.0,0.0,0.0,M,M,0.0,0.0
USC00306085,"NORWICH","CHENANGO",989,42.51,-75.52,3.0,0.3,0.0,0.0,0.0,0.0,0.0,0.0,5.3,M,1.0,0.0,7.0,1.5,0.0,0.5,0.5,0.0,0.0,0.0,0.0,0.0,0.0,0.0,0.0,0.0,0.0,0.0
US1NYCN0009,"NORWICH 5.4 W","CHENANGO",1498,42.53,-75.63,3.1,0.6,0.2,0.2,0.0,0.4,0.0,0.0,5.3,4.7,1.9,0.1,7.4,2.4,T,1.6,1.5,0.1,0.0,0.0,0.0,0.0,0.0,0.0,0.0,0.4,T,0.0
US1NYCN0002,"NORWICH 5.7 NE","CHENANGO",1799,42.58,-75.43,M,M,M,M,M,M,M,M,7.8,M,M,M,M,M,M,M,M,M,M,M,M,M,M,M,M,M,M,M
US1NYAB0021,"NWS ALBANY","ALBANY",260,42.69,-73.83,1.8,T,T,M,T,T,0.0,0.2,4.8,2.8,1.8,0.0,7.9,0.0,T,T,0.0,0.0,0.0,0.0,0.0,M,0.0,0.0,0.0,0.0,0.0,0.0
USW00094728,"NY CITY CENTRAL PARK","NEW YORK",130,40.79,-73.97,0.0,0.0,0.0,0.0,0.0,0.0,0.0,0.0,9.4,T,0.0,T,0.0,0.0,0.0,0.0,0.0,0.0,0.0,0.0,0.0,0.0,0.0,0.0,0.0,0.0,0.0,0.0
US1NYSL0010,"OGDENSBURG 1.6 SW","ST. LAWRENCE",279,44.69,-75.49,M,M,M,M,M,M,M,M,M,M,M,M,M,M,M,M,M,M,M,M,M,M,0.0,M,M,0.0,M,0.0
USC00306164,"OGDENSBURG 4 NE","ST. LAWRENCE",280,44.73,-75.44,2.3,0.0,T,M,M,0.4,1.7,0.5,0.0,0.0,M,M,9.3,0.0,1.2,1.3,M,M,M,M,M,0.0,0.0,0.0,M,M,0.0,0.0
USC00306196,"OLEAN","CATTARAUGUS",1420,42.07,-78.45,4.0,1.0,0.0,T,0.0,0.0,0.0,0.0,2.0,1.0,0.2,0.0,0.5,0.0,0.5,1.0,0.0,0.0,0.0,0.0,0.0,0.0,0.0,0.0,0.0,T,0.0,0.0
US1NYCT0006,"OLEAN 1.2 NE","CATTARAUGUS",1541,42.09,-78.41,2.6,2.6,1.8,0.2,0.1,0.0,0.0,0.0,2.7,0.9,0.2,0.0,1.9,0.1,2.0,1.6,0.4,0.0,0.0,0.0,0.0,0.0,0.0,0.0,0.0,M,M,M
US1NYES0006,"OLMSTEDVILLE 4.6 NNE","ESSEX",1507,43.83,-73.90,1.9,1.8,T,0.2,T,0.3,0.9,T,1.4,0.7,M,T,8.1,T,T,2.5,T,T,0.0,0.0,0.0,0.0,0.0,0.0,0.0,1.4,0.0,0.0
US1NYMD0022,"ONEIDA 0.4 NW","MADISON",565,43.08,-75.67,2.8,1.4,2.6,1.7,0.2,0.4,0.0,0.0,1.8,0.7,0.5,T,10.8,1.5,T,1.7,2.3,0.0,0.0,0.0,0.0,0.0,0.0,0.0,0.0,T,1.4,0.0
USC00306300,"OSCEOLA","LEWIS",1092,43.50,-75.71,3.5,18.0,20.0,6.0,6.0,3.0,0.0,0.0,1.2,0.2,4.0,0.0,18.0,3.0,2.0,6.0,2.4,0.0,0.0,0.0,0.0,0.0,0.0,0.0,0.0,2.0,1.0,0.0
US1NYOS0003,"OSWEGO 5.0 ESE","OSWEGO",456,43.44,-76.41,1.9,7.2,3.8,4.3,3.6,1.2,0.8,0.0,T,0.0,0.7,0.0,8.7,0.8,0.0,1.4,0.0,0.0,0.0,0.0,0.0,0.0,0.0,0.0,0.0,0.2,T,0.0
US1NYCN0014,"OXFORD 0.8 NNW","CHENANGO",1244,42.45,-75.60,6.0,M,M,M,M,1.0,M,M,6.0,3.0,M,M,8.3,2.1,M,1.5,M,M,M,M,M,M,M,M,M,M,M,M
USC00306376,"PALERMO 2SSE","OSWEGO",445,43.33,-76.27,1.5,6.2,3.9,8.2,0.0,0.8,0.0,0.0,0.5,0.2,0.4,T,8.2,0.2,0.0,3.3,0.0,0.0,0.0,0.0,0.0,0.0,0.0,0.0,0.0,1.4,1.4,0.0
US1NYWN0006,"PALMYRA 1.6 NW","WAYNE",498,43.08,-77.25,1.3,1.5,0.0,0.0,M,T,0.0,M,3.0,4.0,0.5,M,M,0.8,M,0.5,0.5,0.0,0.0,0.0,0.0,M,0.0,M,M,T,0.0,0.0
US1NYSC0017,"PATTERSONVILLE 4.2 SSW","SCHENECTADY",1277,42.83,-74.12,M,M,0.0,M,0.0,M,M,M,4.0,1.8,1.0,T,6.1,0.0,0.0,T,0.0,0.0,0.0,0.0,0.0,0.0,0.0,0.0,M,M,0.0,M
US1NYWC0011,"PEEKSKILL 0.4 N","WESTCHESTER",179,41.29,-73.92,1.5,0.0,0.0,0.0,0.0,0.0,M,M,4.5,5.0,M,1.0,M,0.0,0.0,M,0.0,0.0,0.0,0.0,0.0,M,M,0.0,0.0,M,0.0,0.0
US1NYYT0005,"PENN YAN 5.1 NNW","YATES",1090,42.73,-77.08,1.0,0.3,0.2,M,0.0,M,0.0,M,1.5,M,0.5,0.1,2.0,0.5,0.5,1.5,M,0.0,0.0,0.0,0.0,M,0.0,M,0.0,M,M,M
USC00306525,"PERRYSBURG","CATTARAUGUS",1210,42.46,-79.00,3.0,2.6,1.0,8.0,T,T,0.0,0.0,2.2,2.0,2.0,0.0,T,T,7.3,9.2,2.0,0.0,0.0,0.0,0.0,0.0,0.0,0.0,0.0,0.0,T,0.0
USC00306538,"PERU 2 WSW","CLINTON",510,44.57,-73.57,M,M,0.0,M,0.0,0.0,4.0,M,0.0,0.0,1.0,8.0,0.0,0.0,2.0,0.0,0.0,0.0,0.0,0.0,0.0,0.0,0.0,0.0,0.0,0.0,0.0,0.0
US1NYCL0007,"PERU 4.1 ESE","CLINTON",181,44.56,-73.45,0.8,1.2,0.4,0.8,T,0.1,6.5,1.9,0.2,0.1,0.8,T,13.6,T,T,4.5,T,T,0.0,0.0,0.0,0.0,0.0,0.0,0.0,T,0.0,0.0
US1NYCM0017,"PINE CITY 3.1 SE","CHEMUNG",1588,42.00,-76.83,M,M,M,M,M,0.0,M,M,M,M,M,M,M,M,M,M,M,M,0.0,M,M,M,M,M,M,M,M,0.0
US1NYMR0021,"PITTSFORD 4.0 SSE","MONROE",557,43.03,-77.49,2.2,1.5,0.2,0.0,M,0.2,0.0,0.0,1.6,0.5,0.6,T,3.5,1.0,T,0.5,T,0.0,0.0,0.0,0.0,0.0,0.0,0.0,0.0,0.2,0.0,0.0
USC00306649,"PLATTE CLOVE","GREENE",2032,42.14,-74.09,3.5,M,M,M,M,0.0,M,M,5.8,5.5,1.3,M,6.0,M,M,0.3,M,M,M,M,M,M,M,M,M,0.0,M,M
USC00306660,"PLATTSBURGH 1 S","CLINTON",178,44.69,-73.46,T,1.0,0.0,0.0,0.0,T,2.0,0.0,T,0.0,1.0,0.0,12.0,0.0,0.0,T,0.0,0.0,0.0,0.0,0.0,0.0,0.0,0.0,0.0,T,0.0,0.0
USW00064776,"PLATTSBURGH INTERNATIONAL AIRPORT","CLINTON",234,44.65,-73.47,M,M,M,M,M,M,M,M,M,M,M,M,M,M,M,M,M,M,0.0,0.0,M,M,M,M,M,M,0.0,0.0
US1NYOD0002,"POINT ROCK 0.6 SE","ONEIDA",1100,43.37,-75.54,2.9,6.8,2.9,4.8,1.2,2.5,0.5,0.0,1.0,0.1,2.7,T,11.1,0.3,0.6,5.2,1.3,0.0,0.0,0.0,0.0,0.0,0.0,0.0,0.0,3.1,T,T
USC00306774,"PORT JERVIS","ORANGE",580,41.39,-74.69,3.0,0.0,0.0,0.0,0.0,0.0,0.0,0.0,6.0,2.0,0.0,0.5,3.0,0.0,0.0,0.0,0.0,0.0,0.0,0.0,0.0,0.0,0.0,0.0,0.0,0.0,0.0,0.0
USC00306745,"PORTAGEVILLE","WYOMING",1168,42.57,-78.04,3.0,M,0.6,M,0.0,0.0,0.0,0.0,0.8,M,M,M,2.0,0.0,0.0,1.8,0.0,M,0.0,0.0,M,M,M,0.0,0.0,0.0,0.0,M
USC00306747,"PORTLAND1 SW","CHAUTAUQUA",808,42.37,-79.49,1.4,0.6,T,T,0.0,0.0,0.0,0.0,1.4,0.2,0.0,0.0,T,0.0,3.0,0.2,0.0,0.0,0.0,0.0,0.0,0.0,0.0,0.0,0.0,T,0.0,0.0
USC00306820,"POUGHKEEPSIE","DUTCHESS",168,41.62,-73.91,2.0,0.0,0.0,0.0,0.0,0.0,0.0,0.0,0.0,12.0,0.5,0.0,5.0,0.0,0.0,0.0,0.0,0.0,0.0,0.0,0.0,0.0,0.0,0.0,0.0,0.0,0.0,0.0
US1NYDT0010,"POUGHKEEPSIE 3.9 SSE","DUTCHESS",238,41.65,-73.90,1.3,0.0,0.0,0.0,0.0,0.0,0.0,0.0,T,10.3,0.4,0.0,3.4,0.0,0.0,T,0.0,0.0,0.0,0.0,0.0,0.0,0.0,0.0,0.0,0.0,0.0,0.0
USW00014757,"POUGHKEEPSIE AIRPORT","DUTCHESS",166,41.63,-73.88,M,M,M,M,M,M,M,M,M,M,M,M,M,M,M,M,M,M,0.0,0.0,0.0,M,M,M,M,M,M,M
USC00306867,"PULASKI","OSWEGO",399,43.57,-76.12,9.0,17.0,3.0,1.0,T,0.5,T,0.0,0.0,2.0,0.0,13.5,T,0.0,1.3,2.5,0.0,0.0,0.0,0.0,0.0,0.0,0.0,0.0,0.1,T,0.0,0.0
US1NYOS0021,"PULASKI 0.5 NE","OSWEGO",287,43.57,-76.12,T,9.0,5.0,15.2,4.0,T,0.5,T,M,0.0,T,2.0,M,5.0,0.0,1.3,2.5,0.0,0.0,0.0,0.0,M,0.0,0.0,M,0.1,T,0.0
US1NYCT0002,"RANDOLPH 1.1 ENE","CATTARAUGUS",1335,42.17,-78.96,3.0,1.0,M,1.0,M,M,M,M,2.0,M,0.5,M,2.0,M,2.5,6.0,2.0,M,M,M,M,M,M,M,M,1.0,M,M
US1NYOS0013,"REDFIELD 7.9 NNW","OSWEGO",1299,43.64,-75.88,24.0,11.0,34.0,7.0,3.0,2.0,M,M,M,M,3.0,6.0,5.0,M,2.0,7.0,1.0,M,M,M,M,M,M,M,M,2.0,M,M
US1NYAB0010,"RENSSELAERVILLE 2.1 NNW","ALBANY",1602,42.55,-74.15,2.4,0.0,T,T,T,T,0.1,M,8.5,2.1,1.4,T,7.2,0.0,0.0,T,M,0.0,0.0,0.0,0.0,0.0,0.0,M,0.0,0.4,0.3,M
US1NYOT0009,"RICHFIELD SPRINGS 0.5 ESE","OTSEGO",1350,42.85,-74.98,3.1,T,0.2,1.2,0.0,M,M,M,4.3,1.5,1.8,T,9.5,M,M,M,2.1,0.0,0.0,0.0,0.0,0.0,0.0,0.0,0.0,1.1,T,T
US1NYSF0002,"RIVERHEAD 1.3 SSE","SUFFOLK",43,40.93,-72.67,1.6,0.0,0.0,0.0,0.0,0.0,0.0,0.0,0.3,10.4,T,T,0.6,0.0,0.0,0.0,0.0,0.0,0.0,0.0,0.0,0.0,0.0,0.0,0.0,0.0,0.0,0.0
USC00307134,"RIVERHEAD RESEARCH FARM","SUFFOLK",100,40.96,-72.72,T,0.0,0.0,0.0,0.0,0.0,0.0,0.0,13.0,0.0,0.0,0.5,0.0,0.0,0.0,0.0,0.0,0.0,0.0,0.0,0.0,0.0,0.0,0.0,0.0,0.0,0.0,0.0
US1NYMR0036,"ROCHESTER 3.4 NNW","MONROE",402,43.21,-77.64,M,M,M,M,M,M,M,M,M,M,M,M,M,M,M,M,M,0.0,0.0,0.0,0.0,0.0,0.0,M,M,M,0.0,0.0
US1NYMR0047,"ROCHESTER 5.0 W","MONROE",539,43.18,-77.71,1.5,2.2,0.0,0.0,0.0,0.7,0.0,0.0,0.5,2.0,0.8,0.1,2.4,0.2,0.0,1.5,T,0.0,0.0,0.0,0.0,0.0,0.0,0.0,0.0,0.3,0.0,0.0
US1NYMR0023,"ROCHESTER 5.0 WNW","MONROE",430,43.20,-77.70,1.0,1.4,0.0,T,0.0,0.1,0.0,M,0.4,2.5,0.8,0.2,3.7,0.7,M,0.5,0.2,0.0,0.0,0.0,0.0,M,0.0,M,M,0.2,0.0,0.0
USW00014768,"ROCHESTER GREATER INT'L","MONROE",539,43.12,-77.68,1.0,2.4,T,T,0.1,M,0.0,T,0.8,2.5,T,1.5,4.9,T,0.3,0.8,0.1,0.0,0.0,0.0,0.0,0.0,0.0,0.0,0.2,T,0.0,0.0
US1NYSV0005,"ROCK HILL 2.0 NE","SULLIVAN",1557,41.63,-74.56,2.7,0.3,T,0.0,M,T,M,M,5.5,5.4,0.4,T,7.1,T,0.0,T,T,0.0,0.0,0.0,0.0,M,0.0,M,0.0,M,T,M
US1NYOD0021,"ROME 4.8 SSE","ONEIDA",555,43.16,-75.46,1.1,1.5,2.0,3.8,0.0,0.4,T,M,1.4,0.2,1.3,T,8.0,1.0,T,2.4,0.5,0.0,M,0.0,0.0,0.0,M,0.0,0.0,T,T,0.0
US1NYSF0024,"RONKONKOMA 1.4 WSW","SUFFOLK",66,40.80,-73.15,1.2,0.0,0.0,0.0,0.0,0.0,M,M,M,M,M,M,M,0.0,M,0.0,0.0,0.0,0.0,0.0,0.0,M,M,0.0,0.0,M,0.0,M
US1NYUL0016,"ROSENDALE VILLAGE 1.8 WNW","ULSTER",298,41.86,-74.11,2.9,T,0.1,0.0,0.0,0.0,0.0,0.0,6.5,6.3,1.0,T,6.8,0.0,0.0,T,0.0,0.0,0.0,0.0,0.0,0.0,0.0,0.0,0.0,T,T,0.0
US1NYUL0003,"ROSENDALE VILLAGE 2.4 NNE","ULSTER",178,41.88,-74.06,M,M,M,0.0,0.0,0.0,0.0,M,M,M,1.0,M,M,M,M,T,M,M,M,M,M,M,0.0,M,0.0,0.0,0.0,0.0
US1NYUL0004,"RUBY 0.5 NE","ULSTER",309,42.02,-74.02,M,0.0,M,0.0,0.0,0.0,M,M,11.0,0.0,1.8,0.0,8.0,0.0,M,M,M,M,M,M,M,M,M,M,M,M,M,M
USC00307329,"RUSHFORD","ALLEGANY",1600,42.43,-78.19,1.9,1.0,1.8,0.9,T,T,0.0,0.0,2.0,0.7,0.8,0.0,1.8,0.2,2.4,3.2,0.5,0.0,0.0,0.0,0.0,0.0,0.0,0.0,0.0,1.2,0.0,0.0
US1NYFK0007,"SARANAC LAKE 6.2 N","FRANKLIN",1710,44.41,-74.15,2.1,0.7,0.6,3.0,1.8,5.6,3.9,T,1.0,0.0,1.4,T,9.9,3.0,0.1,2.4,3.2,T,0.0,0.0,0.0,0.0,0.0,0.0,0.0,2.4,0.0,0.0
USW00094740,"SARANAC LAKE ADIRONDACK REGIONAL","FRANKLIN",1663,44.39,-74.21,M,M,M,M,M,M,M,M,M,M,M,M,M,M,M,M,M,M,0.0,0.0,0.0,0.0,M,M,M,M,0.0,0.0
US1NYSR0004,"SARATOGA SPRINGS 0.5 S","SARATOGA",310,43.06,-73.78,2.0,0.1,0.0,0.0,T,0.1,T,0.3,1.7,3.5,3.0,0.0,9.5,0.0,0.0,T,0.0,0.0,0.0,0.0,0.0,0.0,0.0,0.0,0.0,1.1,T,0.0
US1NYST0010,"SAVONA 4.7 S","STEUBEN",1480,42.22,-77.22,M,M,M,M,0.0,M,M,M,M,0.0,M,M,M,M,M,M,0.0,0.0,0.0,0.0,0.0,0.0,M,M,0.0,M,M,0.0
US1NYSC0011,"SCHENECTADY 3.3 E","SCHENECTADY",330,42.79,-73.86,2.3,0.0,0.0,0.0,0.0,0.0,0.2,0.0,5.2,2.2,1.8,0.5,7.5,0.0,0.0,0.0,0.0,0.0,0.0,0.0,0.0,0.0,0.0,0.0,0.0,0.0,0.0,0.0
US1NYAB0006,"SCHENECTADY 5.6 SSW","ALBANY",291,42.72,-73.93,1.0,0.0,0.0,0.0,T,0.0,0.0,M,6.0,8.5,1.5,0.0,7.5,0.0,0.0,0.0,0.0,0.0,0.0,0.0,0.0,0.0,0.0,0.0,0.0,T,0.0,0.0
USC00307520,"SCHOHARIE","SCHOHARIE",734,42.67,-74.30,2.2,0.0,0.0,0.0,0.0,0.0,0.0,0.0,4.0,1.0,1.2,0.0,5.0,0.0,0.0,0.0,0.0,0.0,0.0,0.0,0.0,0.0,0.0,0.0,0.0,0.0,0.0,0.0
US1NYES0005,"SCHROON LAKE 3.5 SW","ESSEX",1367,43.81,-73.82,M,M,M,M,M,M,M,1.0,M,M,M,0.0,10.0,0.0,0.0,M,M,0.0,0.0,0.0,0.0,0.0,0.0,0.0,M,0.4,0.0,0.0
US1NYSC0002,"SCOTIA 1.1 NW","SCHENECTADY",274,42.84,-73.97,M,M,M,0.0,T,M,M,M,M,M,2.0,0.0,M,M,M,M,M,M,0.0,M,M,M,M,M,0.0,M,M,M
USC00307705,"SHERBURNE","CHENANGO",1095,42.68,-75.51,3.0,0.0,0.0,0.2,0.0,0.1,0.0,0.0,4.7,5.0,1.0,0.5,9.0,2.5,0.0,0.0,0.2,0.0,0.0,0.0,0.0,0.0,0.0,0.0,0.0,1.0,0.0,0.0
USC00307749,"SILVER SPRINGS 3N","WYOMING",1667,42.71,-78.09,1.7,1.7,2.1,0.4,0.0,0.2,0.0,0.0,0.7,T,0.8,0.0,3.5,T,1.7,3.2,0.2,0.0,0.0,0.0,0.0,0.0,0.0,0.0,0.0,0.9,0.1,0.0
USC00307780,"SKANEATELES","ONONDAGA",875,42.95,-76.43,M,M,M,M,M,M,M,M,2.0,12.0,1.0,M,8.0,M,M,M,M,M,M,M,M,M,M,M,M,M,M,M
US1NYSY0001,"SMITH VALLEY 1.9 SE","SCHUYLER",1398,42.39,-76.72,0.7,0.1,0.7,T,0.0,0.0,T,0.0,4.8,0.4,T,T,1.9,0.3,0.3,2.4,0.2,0.0,0.0,0.0,0.0,0.0,0.0,0.0,0.0,0.3,T,0.0
USC00307842,"SODUS","WAYNE",444,43.24,-77.08,0.4,2.5,0.0,0.2,0.0,0.2,0.0,0.0,1.3,9.0,3.1,0.0,2.2,T,0.0,0.6,0.1,0.0,0.0,0.0,0.0,0.0,0.0,0.0,0.0,0.1,0.0,0.0
US1NYST0003,"SOUTH CORNING 4.7 S","STEUBEN",1730,42.06,-77.05,0.5,T,0.0,0.0,0.0,0.0,0.0,0.0,3.7,T,0.3,T,0.5,0.0,0.8,1.2,T,0.0,0.0,0.0,0.0,0.0,0.0,0.0,0.0,T,T,0.0
US1NYWC0006,"SOUTH SALEM 2.1 NW","WESTCHESTER",497,41.30,-73.57,1.3,T,0.0,0.0,0.0,0.0,0.0,0.0,3.0,6.6,0.1,0.1,3.6,0.0,0.0,0.0,0.0,0.0,0.0,0.0,0.0,0.0,0.0,0.0,0.0,0.0,0.0,0.0
US1NYHM0001,"SPECULATOR 10.0 SSW","HAMILTON",1722,43.45,-74.47,M,4.0,M,M,M,M,M,M,M,M,2.5,M,11.5,M,0.2,T,T,M,M,M,M,M,M,M,M,M,M,M
USC00308132,"SPRINGVILLE 5NE","ERIE",1691,42.55,-78.58,1.8,3.0,7.5,1.4,0.5,0.0,0.0,0.0,1.4,1.6,0.0,1.0,1.4,0.0,5.1,5.0,T,0.0,0.0,0.0,0.0,0.0,0.0,0.0,T,2.0,0.0,0.0
US1NYGN0006,"STAFFORD 1.8 NE","GENESEE",899,43.00,-78.05,3.4,0.9,T,0.0,T,0.2,0.0,0.0,0.1,M,1.3,0.0,3.0,0.1,T,2.6,0.3,0.0,0.0,0.0,M,M,M,M,M,1.1,T,M
US1NYRC0002,"STATEN ISLAND 1.4 SE","RICHMOND",72,40.57,-74.13,0.3,0.0,0.0,0.0,0.0,0.0,M,M,1.3,6.7,0.0,0.0,0.0,0.0,0.0,0.0,0.0,0.0,0.0,M,0.0,0.0,0.0,0.0,0.0,M,0.0,0.0
US1NYRC0001,"STATEN ISLAND 4.5 SSE","RICHMOND",35,40.54,-74.15,M,0.0,0.0,0.0,0.0,0.0,M,M,M,M,0.0,M,0.0,0.0,0.0,0.0,0.0,0.0,0.0,0.0,0.0,0.0,0.0,M,0.0,M,0.0,0.0
USC00308248,"STILLWATER RESERVOIR","HERKIMER",1690,43.90,-75.04,3.5,3.0,3.5,M,M,M,0.0,0.0,1.0,0.5,M,M,M,3.0,0.0,5.0,M,M,M,M,M,0.0,0.0,0.0,M,M,M,0.0
US1NYUL0008,"STONE RIDGE 4.9 NNW","ULSTER",508,41.92,-74.18,2.8,M,M,M,M,M,M,M,M,M,M,M,M,M,M,M,M,M,M,M,M,M,M,M,M,M,M,M
US1NYSH0003,"SUMMIT 1.3 NNW","SCHOHARIE",2123,42.60,-74.59,3.0,1.0,0.5,1.0,T,0.5,T,0.0,5.0,0.5,1.5,0.5,8.0,T,0.0,0.5,0.5,0.0,0.0,0.0,0.0,0.0,0.0,0.0,0.0,T,M,T
US1NYOG0020,"SYRACUSE 1.4 SE","ONONDAGA",585,43.03,-76.12,2.0,1.0,T,T,0.0,0.2,T,0.0,1.5,6.0,0.5,T,9.5,1.0,T,3.0,2.0,T,0.0,0.0,0.0,0.0,0.0,0.0,0.0,0.4,T,0.0
US1NYOG0052,"SYRACUSE 2.7 S","ONONDAGA",430,43.00,-76.14,1.8,1.3,T,0.0,0.0,T,0.0,M,1.6,6.1,T,T,6.0,0.5,M,2.0,1.0,0.0,0.0,0.0,0.0,0.0,0.0,M,M,T,0.0,M
USW00014771,"SYRACUSE HANCOCK INTL AP","ONONDAGA",413,43.11,-76.10,1.4,2.2,T,3.5,0.4,0.2,0.0,0.0,3.6,1.9,0.1,5.5,7.3,0.0,1.0,4.8,0.5,0.0,0.0,0.0,0.0,0.0,0.0,0.0,0.1,0.2,0.0,0.0
USC00308455,"THERESA 4NW","JEFFERSON",361,44.28,-75.84,2.0,0.0,0.0,0.0,0.0,1.0,0.0,0.0,0.0,0.0,2.0,2.0,8.0,0.0,1.0,7.0,0.0,0.0,0.0,0.0,0.0,0.0,0.0,0.0,0.0,T,0.0,0.0
US1NYER0086,"TONAWANDA 1.5 NNE","ERIE",579,43.01,-78.87,0.5,0.0,0.0,0.0,T,0.0,M,M,T,T,1.0,M,M,0.0,T,1.0,0.0,0.0,0.0,M,0.0,M,0.0,M,M,M,0.0,0.0
US1NYER0072,"TONAWANDA 3.1 NE","ERIE",570,43.01,-78.83,M,M,M,M,M,M,0.0,0.0,T,0.0,1.0,0.0,0.5,M,0.5,0.5,0.0,0.0,0.0,M,0.0,0.0,0.0,M,0.0,T,M,0.0
USC00308578,"TRENTON FALLS","ONEIDA",800,43.28,-75.16,2.5,5.5,M,M,M,1.5,M,M,2.0,M,1.5,M,M,M,4.0,M,M,M,M,M,M,M,M,M,M,M,M,M
USC00308600,"TROY LOCK AND DAM","RENSSELAER",24,42.75,-73.68,0.1,M,M,M,M,M,M,M,4.5,4.5,1.7,0.0,9.5,0.0,0.0,0.0,0.0,0.0,0.0,0.0,0.0,0.0,M,0.0,0.0,M,0.0,0.0
US1NYTM0038,"TRUMANSBURG 0.4 WNW","TOMPKINS",991,42.54,-76.67,1.1,0.1,T,T,0.0,T,T,0.0,2.8,0.5,0.4,0.0,M,M,0.0,2.4,T,0.0,0.0,0.0,0.0,0.0,0.0,0.0,0.0,0.2,0.0,0.0
USC00308631,"TUPPER LAKE SUNMOUNT","FRANKLIN",1680,44.23,-74.44,1.0,T,T,1.5,5.0,1.5,1.0,0.0,0.5,T,1.5,0.0,9.0,1.0,T,1.0,3.0,0.0,0.0,0.0,0.0,0.0,0.0,0.0,0.0,1.0,0.0,0.0
USC00308721,"UPTON COOP - NWSFO NEW YORK","SUFFOLK",26,40.87,-72.86,1.8,0.0,0.0,0.0,0.0,0.0,0.0,0.0,1.8,11.7,T,0.0,0.5,0.0,0.0,T,0.0,0.0,0.0,0.0,0.0,0.0,0.0,0.0,0.0,0.0,0.0,0.0
US1NYCM0010,"VAN ETTEN 0.3 ENE","CHEMUNG",600,42.20,-76.55,2.5,0.2,0.2,M,M,M,T,M,4.3,M,0.7,T,2.2,0.6,M,2.0,0.2,M,M,M,M,M,M,M,M,T,M,M
US1NYWY0007,"VARYSBURG 3.1 E","WYOMING",1698,42.76,-78.25,3.1,2.8,2.4,M,M,M,0.0,0.0,1.1,0.0,M,M,M,M,2.9,6.8,0.4,0.0,0.0,0.0,0.0,0.0,0.0,0.0,0.0,M,M,0.0
US1NYOD0011,"VERNON 0.4 NNW","ONEIDA",614,43.09,-75.54,1.8,1.0,2.7,2.9,0.1,0.7,T,0.0,1.1,0.6,0.8,0.0,7.1,0.2,0.0,2.1,1.4,0.0,0.0,0.0,0.0,0.0,0.0,0.0,0.0,T,T,0.0
US1NYBM0040,"VESTAL 0.4 SSE","BROOME",868,42.08,-76.05,M,M,M,M,M,M,M,M,M,M,M,M,M,M,M,M,M,M,M,M,M,M,M,M,M,0.0,0.0,0.0
US1NYBM0007,"VESTAL 2.8 SSE","BROOME",994,42.05,-76.03,2.5,0.2,0.3,0.0,0.0,0.0,0.0,0.0,5.2,T,0.2,0.4,2.3,0.4,0.0,0.9,T,0.0,0.0,0.0,0.0,0.0,0.0,0.0,0.0,T,T,0.0
US1NYBM0034,"VESTAL 3.2 E","BROOME",1390,42.08,-75.99,2.5,1.0,1.5,0.0,0.0,T,M,M,3.8,0.7,0.5,M,3.0,0.2,0.0,2.0,T,0.0,0.0,M,0.0,M,M,M,0.0,T,0.0,M
US1NYOG0006,"VILLAGE GREEN 2.6 ESE","ONONDAGA",425,43.12,-76.27,0.5,0.3,1.6,0.1,0.0,0.1,T,0.0,0.6,1.4,1.4,0.0,6.2,0.7,0.0,0.2,2.2,0.2,0.0,0.0,0.0,0.0,0.0,0.0,0.0,0.0,T,0.0
USC00308910,"WALES","ERIE",1135,42.74,-78.59,3.1,3.2,0.3,0.3,0.2,0.1,0.0,0.0,0.2,0.1,0.4,0.0,0.5,0.0,0.7,5.6,0.2,0.0,0.0,0.0,0.0,0.0,0.0,0.0,0.0,0.4,0.0,0.0
USC00308932,"WALTON 2","DELAWARE",1480,42.18,-75.15,4.5,0.0,3.0,0.0,M,0.0,M,M,4.8,5.2,4.4,M,8.5,5.0,M,1.0,1.6,0.0,M,M,M,M,M,M,M,M,0.0,M
US1NYDL0024,"WALTON 6.5 W","DELAWARE",1249,42.17,-75.26,3.5,1.4,0.7,0.0,0.0,0.1,0.0,0.0,5.3,1.4,1.1,0.3,6.4,1.3,T,0.0,2.2,T,0.0,0.0,0.0,0.0,0.0,0.0,M,0.2,0.0,0.0
US1NYWN0010,"WALWORTH 1.7 SW","WAYNE",520,43.12,-77.30,M,4.8,M,M,M,M,M,M,4.5,5.4,2.8,0.3,6.1,M,M,2.1,M,M,M,M,M,M,M,M,M,0.2,M,M
US1NYDT0005,"WAPPINGERS FALLS 1.6 ESE","DUTCHESS",231,41.59,-73.89,1.3,M,0.0,0.0,0.0,0.0,M,M,3.3,7.2,0.3,M,3.8,0.0,0.0,M,0.0,0.0,0.0,0.0,0.0,0.0,0.0,M,0.0,M,0.0,M
USC00308962,"WARSAW 6 SW","WYOMING",1819,42.69,-78.22,3.8,2.0,3.5,2.2,T,0.5,T,T,1.7,T,2.0,0.0,5.0,T,3.4,7.5,T,0.0,0.0,0.0,0.0,0.0,0.0,0.0,0.0,0.6,0.5,0.0
US1NYOR0004,"WARWICK 3.2 WNW","ORANGE",621,41.27,-74.42,1.9,0.0,0.0,0.0,0.0,0.0,0.0,M,M,11.5,0.0,0.0,2.0,0.0,0.0,0.0,0.0,0.0,0.0,0.0,0.0,0.0,0.0,0.0,0.0,M,0.0,0.0
USC00308987,"WATERLOO","SENECA",452,42.90,-76.86,M,1.0,M,M,M,0.5,M,M,M,2.0,M,M,3.5,M,M,0.0,1.0,M,M,M,M,M,M,M,M,M,M,M
USC00309000,"WATERTOWN","JEFFERSON",497,43.98,-75.88,1.5,T,T,0.0,4.0,4.5,0.0,0.0,0.0,T,1.0,0.0,7.0,0.0,0.0,4.5,0.0,0.0,0.0,0.0,0.0,0.0,0.0,0.0,0.0,0.0,0.0,0.0
US1NYSY0006,"WATKINS GLEN 4.6 NW","SCHUYLER",1425,42.42,-76.94,M,0.1,0.6,T,0.0,T,0.0,0.0,2.3,T,0.2,T,1.4,0.2,0.2,M,0.1,0.0,0.0,0.0,0.0,0.0,0.0,0.0,0.0,0.3,0.0,0.0
USC00309047,"WAVERLY","TIOGA",845,42.00,-76.53,M,M,M,M,M,M,M,M,M,M,0.1,0.0,0.3,0.0,0.0,2.7,M,M,M,M,0.0,M,M,M,0.0,0.0,0.0,0.0
USC00309049,"WEBSTER 2 NE","MONROE",275,43.24,-77.39,0.8,1.7,0.1,T,0.1,T,0.0,0.0,0.6,9.8,T,0.8,1.7,0.0,T,0.6,0.3,0.0,0.0,0.0,0.0,0.0,0.0,0.0,T,0.6,0.0,0.0
US1NYMR0026,"WEBSTER 3.2 W","MONROE",410,43.21,-77.49,0.9,0.7,T,0.0,0.1,0.0,0.0,T,0.6,6.9,0.0,0.4,2.4,0.0,0.2,1.1,0.2,0.0,0.0,0.0,0.0,0.0,0.0,0.0,0.3,0.3,0.0,0.0
US1NYMR0024,"WEBSTER 4.4 WNW","MONROE",309,43.25,-77.50,0.4,1.1,M,M,M,M,M,M,T,6.0,6.0,M,1.1,M,M,0.5,0.1,M,M,M,M,M,M,M,M,M,M,M
USC00309072,"WELLSVILLE","ALLEGANY",1509,42.12,-77.95,2.0,0.3,0.0,0.0,0.0,0.0,0.0,0.0,3.0,0.5,0.2,0.0,1.0,0.0,0.2,1.5,0.0,0.0,0.0,0.0,0.0,0.0,0.0,0.0,0.0,0.2,0.0,0.0
US1NYAL0002,"WEST ALMOND 3.6 SW","ALLEGANY",1823,42.27,-77.94,1.6,0.5,0.2,0.3,T,0.2,0.0,0.0,2.5,1.1,0.3,0.0,3.4,0.4,2.1,2.6,0.2,0.0,0.0,0.0,0.0,0.0,M,M,M,1.3,T,0.0
USC00309089,"WEST BLOOMFIELD 1 S","ONTARIO",990,42.88,-77.53,1.0,0.8,0.0,0.0,0.0,0.0,0.0,0.0,1.5,0.0,0.4,0.0,1.8,0.0,0.0,0.4,0.0,0.0,0.0,0.0,0.0,0.0,0.0,0.0,0.0,0.0,0.0,0.0
US1NYRL0005,"WEST NYACK 1.3 WSW","ROCKLAND",268,41.08,-73.99,2.0,0.0,M,M,M,M,M,M,3.0,8.0,0.0,T,2.2,M,M,M,M,M,M,M,M,M,M,M,M,M,M,M
USC00309292,"WEST POINT","ORANGE",320,41.39,-73.96,M,0.0,0.0,0.0,0.0,0.0,0.0,M,6.0,M,M,M,M,0.0,0.0,0.0,0.0,0.0,0.0,0.0,0.0,0.0,0.0,0.0,0.0,0.0,0.0,0.0
US1NYER0113,"WEST SENECA 0.4 E","ERIE",651,42.84,-78.74,3.4,2.0,0.4,T,0.2,T,M,M,0.7,0.0,1.0,M,1.0,T,T,2.4,T,0.0,0.0,0.0,0.0,M,M,M,M,0.5,0.0,0.0
USC00309248,"WESTMORELAND 4N","ONEIDA",565,43.16,-75.46,1.1,1.5,2.0,3.8,0.0,0.4,0.0,0.0,1.4,0.2,1.3,0.0,8.0,1.0,0.0,2.4,0.5,0.0,0.0,0.0,0.0,0.0,0.0,0.0,0.0,0.0,0.0,0.0
US1NYWC0003,"WHITE PLAINS 3.1 NNW","WESTCHESTER",233,41.06,-73.77,M,0.0,0.0,0.0,0.0,0.0,M,M,M,M,M,M,M,M,0.0,0.0,0.0,0.0,0.0,0.0,0.0,M,0.0,0.0,0.0,M,0.0,0.0
USC00309389,"WHITEHALL","WASHINGTON",119,43.56,-73.40,M,M,M,M,M,M,M,M,M,M,M,M,M,0.2,0.0,0.0,0.0,M,M,M,M,0.0,M,M,M,M,M,M
US1NYOD0042,"WHITESBORO 2.3 SW","ONEIDA",548,43.10,-75.33,1.9,0.9,2.6,2.9,0.0,0.2,0.0,0.0,2.4,0.7,1.2,0.0,6.0,T,0.0,2.5,1.0,0.0,0.0,0.0,0.0,0.0,0.0,0.0,0.0,T,T,0.0
USC00309425,"WHITESVILLE","ALLEGANY",1740,42.04,-77.76,2.4,1.2,0.2,0.0,0.0,0.0,0.0,0.0,2.4,0.2,0.3,0.0,2.1,T,0.2,0.5,0.0,0.0,0.0,0.0,0.0,0.0,0.0,0.0,0.0,0.2,0.0,0.0
US1NYBM0014,"WHITNEY POINT 1.7 SSE","BROOME",1266,42.31,-75.96,4.2,0.2,0.8,0.1,0.0,0.2,T,0.0,5.6,0.3,0.8,0.4,8.6,2.0,0.0,1.1,1.3,T,0.0,0.0,0.0,M,M,M,M,M,0.8,0.0
USC00309442,"WHITNEY POINT DAM","BROOME",1040,42.34,-75.97,3.0,0.0,0.0,M,M,0.0,0.0,0.0,6.0,0.0,1.0,0.0,4.0,0.0,0.0,0.7,0.0,M,M,M,0.0,0.0,M,0.0,0.0,M,M,M
US1NYCR0003,"WILLET 1.8 E","CORTLAND",1402,42.47,-75.87,4.3,0.6,T,0.2,T,0.2,T,0.0,4.2,1.6,1.0,0.4,8.8,2.2,T,1.1,2.2,T,0.0,0.0,0.0,M,M,0.0,0.0,0.2,T,T
US1NYER0104,"WILLIAMSVILLE 2.2 NNW","ERIE",589,42.99,-78.75,M,M,M,M,M,M,M,M,M,M,M,M,M,M,M,M,M,M,M,M,M,M,0.0,M,M,M,M,M
US1NYER0007,"WILLIAMSVILLE 2.7 E","ERIE",702,42.97,-78.69,2.0,T,0.0,M,T,0.8,T,0.0,0.1,T,1.2,0.0,1.0,T,T,0.7,0.0,0.0,0.0,0.0,0.0,0.0,0.0,0.0,0.0,M,0.0,0.0
USC00309499,"WILMINGTON 2W","ESSEX",2019,44.39,-73.86,1.8,1.0,0.8,M,M,3.2,3.2,M,3.2,M,M,M,12.2,1.8,0.1,5.4,2.4,M,M,M,0.0,0.0,0.0,M,M,M,1.5,0.0
US1NYBM0021,"WINDSOR 8.0 SE","BROOME",1666,42.01,-75.51,3.3,0.5,2.0,0.0,0.0,0.0,0.0,0.0,7.0,T,M,M,6.9,1.3,T,2.0,1.0,0.0,0.0,0.0,0.0,0.0,0.0,0.0,0.0,T,T,0.0
US1NYOT0014,"WORCESTER 4.0 SSW","OTSEGO",1680,42.54,-74.77,3.3,3.3,0.0,1.5,0.0,T,M,M,4.5,2.0,1.5,T,5.5,5.5,0.0,1.0,3.0,T,0.0,0.0,0.0,0.0,0.0,0.0,0.0,1.5,0.0,0.0
US1NYSV0008,"WURTSBORO 0.2 SSW","SULLIVAN",537,41.57,-74.49,3.0,T,T,0.0,0.0,0.0,0.0,M,8.0,5.0,0.3,0.8,6.1,0.0,0.0,0.0,0.0,0.0,0.0,0.0,0.0,0.0,0.0,M,0.0,M,M,0.0
USC00309593,"WYOMING 3W","WYOMING",1549,42.82,-78.15,4.2,1.6,0.3,1.6,0.2,0.4,T,0.0,0.4,T,0.8,0.9,4.0,0.8,1.2,3.8,0.3,0.0,0.0,0.0,0.0,0.0,0.0,0.0,0.0,1.6,T,0.0
US1NYWC0007,"YORKTOWN HEIGHTS 0.6 SW","WESTCHESTER",571,41.26,-73.79,1.5,0.0,0.0,0.0,0.0,0.0,M,M,2.0,6.5,0.0,0.5,2.0,0.0,0.0,M,0.0,0.0,0.0,0.0,0.0,M,0.0,0.0,0.0,M,0.0,0.0
USC00309670,"YORKTOWN HEIGHTS 1W","WESTCHESTER",670,41.27,-73.80,2.0,0.0,0.0,0.0,0.0,0.0,0.0,0.0,1.0,8.0,T,T,4.0,0.0,0.0,0.0,0.0,0.0,0.0,0.0,0.0,0.0,0.0,0.0,0.0,0.0,0.0,0.0
USC00309690,"YOUNGSTOWN 2 NE","NIAGARA",280,43.27,-79.01,0.9,0.0,0.0,0.0,0.0,0.3,0.0,0.0,0.2,0.0,2.0,0.8,0.0,0.0,0.0,0.0,0.0,0.0,0.0,0.0,0.0,0.0,0.0,0.0,0.0,0.0,0.0,0.0
